Fra;Til;KWH 60 Forbruk;Kvalitet
01.12.2024 00:00;01.12.2024 01:00;4,908;Avlest
01.12.2024 01:00;01.12.2024 02:00;2,641;Avlest
01.12.2024 02:00;01.12.2024 03:00;3,378;Avlest
01.12.2024 03:00;01.12.2024 04:00;2,637;Avlest
01.12.2024 04:00;01.12.2024 05:00;2,633;Avlest
01.12.2024 05:00;01.12.2024 06:00;2,76;Avlest
01.12.2024 06:00;01.12.2024 07:00;3,331;Avlest
01.12.2024 07:00;01.12.2024 08:00;2,655;Avlest
01.12.2024 08:00;01.12.2024 09:00;3,203;Avlest
01.12.2024 09:00;01.12.2024 10:00;6,096;Avlest
01.12.2024 10:00;01.12.2024 11:00;4,93;Avlest
01.12.2024 11:00;01.12.2024 12:00;5,685;Avlest
01.12.2024 12:00;01.12.2024 13:00;5,06;Avlest
01.12.2024 13:00;01.12.2024 14:00;4,348;Avlest
01.12.2024 14:00;01.12.2024 15:00;4,027;Avlest
01.12.2024 15:00;01.12.2024 16:00;3,945;Avlest
01.12.2024 16:00;01.12.2024 17:00;4,995;Avlest
01.12.2024 17:00;01.12.2024 18:00;3,69;Avlest
01.12.2024 18:00;01.12.2024 19:00;4,478;Avlest
01.12.2024 19:00;01.12.2024 20:00;3,378;Avlest
01.12.2024 20:00;01.12.2024 21:00;4,461;Avlest
01.12.2024 21:00;01.12.2024 22:00;3,412;Avlest
01.12.2024 22:00;01.12.2024 23:00;4,64;Avlest
01.12.2024 23:00;02.12.2024 00:00;3,489;Avlest
02.12.2024 00:00;02.12.2024 01:00;3,631;Avlest
02.12.2024 01:00;02.12.2024 02:00;2,776;Avlest
02.12.2024 02:00;02.12.2024 03:00;2,767;Avlest
02.12.2024 03:00;02.12.2024 04:00;3,51;Avlest
02.12.2024 04:00;02.12.2024 05:00;2,751;Avlest
02.12.2024 05:00;02.12.2024 06:00;2,728;Avlest
02.12.2024 06:00;02.12.2024 07:00;3,394;Avlest
02.12.2024 07:00;02.12.2024 08:00;5,977;Avlest
02.12.2024 08:00;02.12.2024 09:00;3,737;Avlest
02.12.2024 09:00;02.12.2024 10:00;2,028;Avlest
02.12.2024 10:00;02.12.2024 11:00;2,67;Avlest
02.12.2024 11:00;02.12.2024 12:00;1,963;Avlest
02.12.2024 12:00;02.12.2024 13:00;1,976;Avlest
02.12.2024 13:00;02.12.2024 14:00;2,402;Avlest
02.12.2024 14:00;02.12.2024 15:00;2,404;Avlest
02.12.2024 15:00;02.12.2024 16:00;2,071;Avlest
02.12.2024 16:00;02.12.2024 17:00;2,418;Avlest
02.12.2024 17:00;02.12.2024 18:00;5,274;Avlest
02.12.2024 18:00;02.12.2024 19:00;7,378;Avlest
02.12.2024 19:00;02.12.2024 20:00;5,79;Avlest
02.12.2024 20:00;02.12.2024 21:00;7,342;Avlest
02.12.2024 21:00;02.12.2024 22:00;7,801;Avlest
02.12.2024 22:00;02.12.2024 23:00;5,878;Avlest
02.12.2024 23:00;03.12.2024 00:00;8,312;Avlest
03.12.2024 00:00;03.12.2024 01:00;3,661;Avlest
03.12.2024 01:00;03.12.2024 02:00;2,855;Avlest
03.12.2024 02:00;03.12.2024 03:00;2,875;Avlest
03.12.2024 03:00;03.12.2024 04:00;3,105;Avlest
03.12.2024 04:00;03.12.2024 05:00;3,503;Avlest
03.12.2024 05:00;03.12.2024 06:00;2,96;Avlest
03.12.2024 06:00;03.12.2024 07:00;3,028;Avlest
03.12.2024 07:00;03.12.2024 08:00;5,952;Avlest
03.12.2024 08:00;03.12.2024 09:00;6,293;Avlest
03.12.2024 09:00;03.12.2024 10:00;5,477;Avlest
03.12.2024 10:00;03.12.2024 11:00;4,033;Avlest
03.12.2024 11:00;03.12.2024 12:00;3,174;Avlest
03.12.2024 12:00;03.12.2024 13:00;2,466;Avlest
03.12.2024 13:00;03.12.2024 14:00;2,462;Avlest
03.12.2024 14:00;03.12.2024 15:00;2,472;Avlest
03.12.2024 15:00;03.12.2024 16:00;3,436;Avlest
03.12.2024 16:00;03.12.2024 17:00;3,496;Avlest
03.12.2024 17:00;03.12.2024 18:00;5,088;Avlest
03.12.2024 18:00;03.12.2024 19:00;5,449;Avlest
03.12.2024 19:00;03.12.2024 20:00;7,811;Avlest
03.12.2024 20:00;03.12.2024 21:00;7,369;Avlest
03.12.2024 21:00;03.12.2024 22:00;6,473;Avlest
03.12.2024 22:00;03.12.2024 23:00;6,471;Avlest
03.12.2024 23:00;04.12.2024 00:00;7,271;Avlest
04.12.2024 00:00;04.12.2024 01:00;6,685;Avlest
04.12.2024 01:00;04.12.2024 02:00;6,754;Avlest
04.12.2024 02:00;04.12.2024 03:00;7,305;Avlest
04.12.2024 03:00;04.12.2024 04:00;6,492;Avlest
04.12.2024 04:00;04.12.2024 05:00;6,261;Avlest
04.12.2024 05:00;04.12.2024 06:00;6,276;Avlest
04.12.2024 06:00;04.12.2024 07:00;7,078;Avlest
04.12.2024 07:00;04.12.2024 08:00;6,71;Avlest
04.12.2024 08:00;04.12.2024 09:00;7,089;Avlest
04.12.2024 09:00;04.12.2024 10:00;4,765;Avlest
04.12.2024 10:00;04.12.2024 11:00;4,962;Avlest
04.12.2024 11:00;04.12.2024 12:00;5,675;Avlest
04.12.2024 12:00;04.12.2024 13:00;4,717;Avlest
04.12.2024 13:00;04.12.2024 14:00;4,687;Avlest
04.12.2024 14:00;04.12.2024 15:00;5,405;Avlest
04.12.2024 15:00;04.12.2024 16:00;4,707;Avlest
04.12.2024 16:00;04.12.2024 17:00;5,001;Avlest
04.12.2024 17:00;04.12.2024 18:00;8,519;Avlest
04.12.2024 18:00;04.12.2024 19:00;8,26;Avlest
04.12.2024 19:00;04.12.2024 20:00;7,355;Avlest
04.12.2024 20:00;04.12.2024 21:00;7,673;Avlest
04.12.2024 21:00;04.12.2024 22:00;10,187;Avlest
04.12.2024 22:00;04.12.2024 23:00;7,743;Avlest
04.12.2024 23:00;05.12.2024 00:00;7,267;Avlest
05.12.2024 00:00;05.12.2024 01:00;4,55;Avlest
05.12.2024 01:00;05.12.2024 02:00;5,249;Avlest
05.12.2024 02:00;05.12.2024 03:00;4,608;Avlest
05.12.2024 03:00;05.12.2024 04:00;4,508;Avlest
05.12.2024 04:00;05.12.2024 05:00;4,492;Avlest
05.12.2024 05:00;05.12.2024 06:00;5,22;Avlest
05.12.2024 06:00;05.12.2024 07:00;4,442;Avlest
05.12.2024 07:00;05.12.2024 08:00;6,167;Avlest
05.12.2024 08:00;05.12.2024 09:00;7,794;Avlest
05.12.2024 09:00;05.12.2024 10:00;5,78;Avlest
05.12.2024 10:00;05.12.2024 11:00;4,668;Avlest
05.12.2024 11:00;05.12.2024 12:00;3,856;Avlest
05.12.2024 12:00;05.12.2024 13:00;3,834;Avlest
05.12.2024 13:00;05.12.2024 14:00;3,843;Avlest
05.12.2024 14:00;05.12.2024 15:00;4,566;Avlest
05.12.2024 15:00;05.12.2024 16:00;3,827;Avlest
05.12.2024 16:00;05.12.2024 17:00;5,172;Avlest
05.12.2024 17:00;05.12.2024 18:00;7,324;Avlest
05.12.2024 18:00;05.12.2024 19:00;8,173;Avlest
05.12.2024 19:00;05.12.2024 20:00;7,552;Avlest
05.12.2024 20:00;05.12.2024 21:00;6,697;Avlest
05.12.2024 21:00;05.12.2024 22:00;8,378;Avlest
05.12.2024 22:00;05.12.2024 23:00;9,735;Avlest
05.12.2024 23:00;06.12.2024 00:00;8,398;Avlest
06.12.2024 00:00;06.12.2024 01:00;5,193;Avlest
06.12.2024 01:00;06.12.2024 02:00;4,29;Avlest
06.12.2024 02:00;06.12.2024 03:00;4,299;Avlest
06.12.2024 03:00;06.12.2024 04:00;5,06;Avlest
06.12.2024 04:00;06.12.2024 05:00;4,283;Avlest
06.12.2024 05:00;06.12.2024 06:00;4,244;Avlest
06.12.2024 06:00;06.12.2024 07:00;4,189;Avlest
06.12.2024 07:00;06.12.2024 08:00;5,106;Avlest
06.12.2024 08:00;06.12.2024 09:00;6,862;Avlest
06.12.2024 09:00;06.12.2024 10:00;7,911;Avlest
06.12.2024 10:00;06.12.2024 11:00;5,687;Avlest
06.12.2024 11:00;06.12.2024 12:00;5,453;Avlest
06.12.2024 12:00;06.12.2024 13:00;4,674;Avlest
06.12.2024 13:00;06.12.2024 14:00;4,769;Avlest
06.12.2024 14:00;06.12.2024 15:00;4,348;Avlest
06.12.2024 15:00;06.12.2024 16:00;5,098;Avlest
06.12.2024 16:00;06.12.2024 17:00;4,237;Avlest
06.12.2024 17:00;06.12.2024 18:00;4,375;Avlest
06.12.2024 18:00;06.12.2024 19:00;5,533;Avlest
06.12.2024 19:00;06.12.2024 20:00;4,938;Avlest
06.12.2024 20:00;06.12.2024 21:00;4,126;Avlest
06.12.2024 21:00;06.12.2024 22:00;4,875;Avlest
06.12.2024 22:00;06.12.2024 23:00;4,87;Avlest
06.12.2024 23:00;07.12.2024 00:00;4,003;Avlest
07.12.2024 00:00;07.12.2024 01:00;4,096;Avlest
07.12.2024 01:00;07.12.2024 02:00;3,974;Avlest
07.12.2024 02:00;07.12.2024 03:00;3,494;Avlest
07.12.2024 03:00;07.12.2024 04:00;3,507;Avlest
07.12.2024 04:00;07.12.2024 05:00;4,232;Avlest
07.12.2024 05:00;07.12.2024 06:00;3,491;Avlest
07.12.2024 06:00;07.12.2024 07:00;3,472;Avlest
07.12.2024 07:00;07.12.2024 08:00;3,771;Avlest
07.12.2024 08:00;07.12.2024 09:00;5,557;Avlest
07.12.2024 09:00;07.12.2024 10:00;4,612;Avlest
07.12.2024 10:00;07.12.2024 11:00;4,492;Avlest
07.12.2024 11:00;07.12.2024 12:00;4,521;Avlest
07.12.2024 12:00;07.12.2024 13:00;4,912;Avlest
07.12.2024 13:00;07.12.2024 14:00;7,5;Avlest
07.12.2024 14:00;07.12.2024 15:00;6,904;Avlest
07.12.2024 15:00;07.12.2024 16:00;7,114;Avlest
07.12.2024 16:00;07.12.2024 17:00;6,559;Avlest
07.12.2024 17:00;07.12.2024 18:00;6,821;Avlest
07.12.2024 18:00;07.12.2024 19:00;6,287;Avlest
07.12.2024 19:00;07.12.2024 20:00;6,964;Avlest
07.12.2024 20:00;07.12.2024 21:00;6,863;Avlest
07.12.2024 21:00;07.12.2024 22:00;7,551;Avlest
07.12.2024 22:00;07.12.2024 23:00;5,362;Avlest
07.12.2024 23:00;08.12.2024 00:00;4,547;Avlest
08.12.2024 00:00;08.12.2024 01:00;3,554;Avlest
08.12.2024 01:00;08.12.2024 02:00;3,584;Avlest
08.12.2024 02:00;08.12.2024 03:00;3,582;Avlest
08.12.2024 03:00;08.12.2024 04:00;4,347;Avlest
08.12.2024 04:00;08.12.2024 05:00;3,597;Avlest
08.12.2024 05:00;08.12.2024 06:00;3,576;Avlest
08.12.2024 06:00;08.12.2024 07:00;4,305;Avlest
08.12.2024 07:00;08.12.2024 08:00;3,58;Avlest
08.12.2024 08:00;08.12.2024 09:00;4,924;Avlest
08.12.2024 09:00;08.12.2024 10:00;4,658;Avlest
08.12.2024 10:00;08.12.2024 11:00;6,684;Avlest
08.12.2024 11:00;08.12.2024 12:00;4,463;Avlest
08.12.2024 12:00;08.12.2024 13:00;4,205;Avlest
08.12.2024 13:00;08.12.2024 14:00;3,652;Avlest
08.12.2024 14:00;08.12.2024 15:00;3,685;Avlest
08.12.2024 15:00;08.12.2024 16:00;4,451;Avlest
08.12.2024 16:00;08.12.2024 17:00;3,771;Avlest
08.12.2024 17:00;08.12.2024 18:00;3,748;Avlest
08.12.2024 18:00;08.12.2024 19:00;3,774;Avlest
08.12.2024 19:00;08.12.2024 20:00;4,55;Avlest
08.12.2024 20:00;08.12.2024 21:00;3,796;Avlest
08.12.2024 21:00;08.12.2024 22:00;5,508;Avlest
08.12.2024 22:00;08.12.2024 23:00;6,145;Avlest
08.12.2024 23:00;09.12.2024 00:00;6,656;Avlest
09.12.2024 00:00;09.12.2024 01:00;5,866;Avlest
09.12.2024 01:00;09.12.2024 02:00;5,888;Avlest
09.12.2024 02:00;09.12.2024 03:00;6,585;Avlest
09.12.2024 03:00;09.12.2024 04:00;5,951;Avlest
09.12.2024 04:00;09.12.2024 05:00;5,967;Avlest
09.12.2024 05:00;09.12.2024 06:00;6,516;Avlest
09.12.2024 06:00;09.12.2024 07:00;6,075;Avlest
09.12.2024 07:00;09.12.2024 08:00;9,217;Avlest
09.12.2024 08:00;09.12.2024 09:00;6,095;Avlest
09.12.2024 09:00;09.12.2024 10:00;4,929;Avlest
09.12.2024 10:00;09.12.2024 11:00;4,449;Avlest
09.12.2024 11:00;09.12.2024 12:00;4,355;Avlest
09.12.2024 12:00;09.12.2024 13:00;4,001;Avlest
09.12.2024 13:00;09.12.2024 14:00;3,98;Avlest
09.12.2024 14:00;09.12.2024 15:00;4,617;Avlest
09.12.2024 15:00;09.12.2024 16:00;3,979;Avlest
09.12.2024 16:00;09.12.2024 17:00;6,074;Avlest
09.12.2024 17:00;09.12.2024 18:00;5,593;Avlest
09.12.2024 18:00;09.12.2024 19:00;5,31;Avlest
09.12.2024 19:00;09.12.2024 20:00;5,017;Avlest
09.12.2024 20:00;09.12.2024 21:00;6,121;Avlest
09.12.2024 21:00;09.12.2024 22:00;7,675;Avlest
09.12.2024 22:00;09.12.2024 23:00;8,905;Avlest
09.12.2024 23:00;10.12.2024 00:00;7,96;Avlest
10.12.2024 00:00;10.12.2024 01:00;6,836;Avlest
10.12.2024 01:00;10.12.2024 02:00;6,8;Avlest
10.12.2024 02:00;10.12.2024 03:00;6,463;Avlest
10.12.2024 03:00;10.12.2024 04:00;6,457;Avlest
10.12.2024 04:00;10.12.2024 05:00;7,183;Avlest
10.12.2024 05:00;10.12.2024 06:00;6,466;Avlest
10.12.2024 06:00;10.12.2024 07:00;6,474;Avlest
10.12.2024 07:00;10.12.2024 08:00;7,211;Avlest
10.12.2024 08:00;10.12.2024 09:00;8,29;Avlest
10.12.2024 09:00;10.12.2024 10:00;6,35;Avlest
10.12.2024 10:00;10.12.2024 11:00;4,945;Avlest
10.12.2024 11:00;10.12.2024 12:00;4,222;Avlest
10.12.2024 12:00;10.12.2024 13:00;4,208;Avlest
10.12.2024 13:00;10.12.2024 14:00;5,018;Avlest
10.12.2024 14:00;10.12.2024 15:00;4,235;Avlest
10.12.2024 15:00;10.12.2024 16:00;4,297;Avlest
10.12.2024 16:00;10.12.2024 17:00;5,862;Avlest
10.12.2024 17:00;10.12.2024 18:00;6,018;Avlest
10.12.2024 18:00;10.12.2024 19:00;6,333;Avlest
10.12.2024 19:00;10.12.2024 20:00;6,316;Avlest
10.12.2024 20:00;10.12.2024 21:00;6,866;Avlest
10.12.2024 21:00;10.12.2024 22:00;5,469;Avlest
10.12.2024 22:00;10.12.2024 23:00;5,587;Avlest
10.12.2024 23:00;11.12.2024 00:00;5,988;Avlest
11.12.2024 00:00;11.12.2024 01:00;4,713;Avlest
11.12.2024 01:00;11.12.2024 02:00;5,335;Avlest
11.12.2024 02:00;11.12.2024 03:00;4,601;Avlest
11.12.2024 03:00;11.12.2024 04:00;4,609;Avlest
11.12.2024 04:00;11.12.2024 05:00;4,59;Avlest
11.12.2024 05:00;11.12.2024 06:00;5,314;Avlest
11.12.2024 06:00;11.12.2024 07:00;4,586;Avlest
11.12.2024 07:00;11.12.2024 08:00;4,607;Avlest
11.12.2024 08:00;11.12.2024 09:00;5,861;Avlest
11.12.2024 09:00;11.12.2024 10:00;6,157;Avlest
11.12.2024 10:00;11.12.2024 11:00;7,107;Avlest
11.12.2024 11:00;11.12.2024 12:00;5,655;Avlest
11.12.2024 12:00;11.12.2024 13:00;4,466;Avlest
11.12.2024 13:00;11.12.2024 14:00;5,235;Avlest
11.12.2024 14:00;11.12.2024 15:00;4,472;Avlest
11.12.2024 15:00;11.12.2024 16:00;4,478;Avlest
11.12.2024 16:00;11.12.2024 17:00;5,209;Avlest
11.12.2024 17:00;11.12.2024 18:00;5,401;Avlest
11.12.2024 18:00;11.12.2024 19:00;6,799;Avlest
11.12.2024 19:00;11.12.2024 20:00;6,967;Avlest
11.12.2024 20:00;11.12.2024 21:00;5,443;Avlest
11.12.2024 21:00;11.12.2024 22:00;5,605;Avlest
11.12.2024 22:00;11.12.2024 23:00;5,315;Avlest
11.12.2024 23:00;12.12.2024 00:00;4,561;Avlest
12.12.2024 00:00;12.12.2024 01:00;5,198;Avlest
12.12.2024 01:00;12.12.2024 02:00;4,514;Avlest
12.12.2024 02:00;12.12.2024 03:00;4,519;Avlest
12.12.2024 03:00;12.12.2024 04:00;5,218;Avlest
12.12.2024 04:00;12.12.2024 05:00;4,393;Avlest
12.12.2024 05:00;12.12.2024 06:00;4,363;Avlest
12.12.2024 06:00;12.12.2024 07:00;4,421;Avlest
12.12.2024 07:00;12.12.2024 08:00;5,557;Avlest
12.12.2024 08:00;12.12.2024 09:00;5,677;Avlest
12.12.2024 09:00;12.12.2024 10:00;5,431;Avlest
12.12.2024 10:00;12.12.2024 11:00;6,926;Avlest
12.12.2024 11:00;12.12.2024 12:00;8,527;Avlest
12.12.2024 12:00;12.12.2024 13:00;4,973;Avlest
12.12.2024 13:00;12.12.2024 14:00;4,518;Avlest
12.12.2024 14:00;12.12.2024 15:00;5,172;Avlest
12.12.2024 15:00;12.12.2024 16:00;4,534;Avlest
12.12.2024 16:00;12.12.2024 17:00;4,631;Avlest
12.12.2024 17:00;12.12.2024 18:00;6,731;Avlest
12.12.2024 18:00;12.12.2024 19:00;5,185;Avlest
12.12.2024 19:00;12.12.2024 20:00;4,112;Avlest
12.12.2024 20:00;12.12.2024 21:00;6,614;Avlest
12.12.2024 21:00;12.12.2024 22:00;4,715;Avlest
12.12.2024 22:00;12.12.2024 23:00;7,68;Avlest
12.12.2024 23:00;13.12.2024 00:00;5,244;Avlest
13.12.2024 00:00;13.12.2024 01:00;5,496;Avlest
13.12.2024 01:00;13.12.2024 02:00;4,703;Avlest
13.12.2024 02:00;13.12.2024 03:00;4,634;Avlest
13.12.2024 03:00;13.12.2024 04:00;5,401;Avlest
13.12.2024 04:00;13.12.2024 05:00;4,59;Avlest
13.12.2024 05:00;13.12.2024 06:00;4,566;Avlest
13.12.2024 06:00;13.12.2024 07:00;4,551;Avlest
13.12.2024 07:00;13.12.2024 08:00;6,432;Avlest
13.12.2024 08:00;13.12.2024 09:00;7,827;Avlest
13.12.2024 09:00;13.12.2024 10:00;6,429;Avlest
13.12.2024 10:00;13.12.2024 11:00;6,643;Avlest
13.12.2024 11:00;13.12.2024 12:00;5,661;Avlest
13.12.2024 12:00;13.12.2024 13:00;4,878;Avlest
13.12.2024 13:00;13.12.2024 14:00;5,729;Avlest
13.12.2024 14:00;13.12.2024 15:00;6,586;Avlest
13.12.2024 15:00;13.12.2024 16:00;5,227;Avlest
13.12.2024 16:00;13.12.2024 17:00;4,905;Avlest
13.12.2024 17:00;13.12.2024 18:00;7,956;Avlest
13.12.2024 18:00;13.12.2024 19:00;8,31;Avlest
13.12.2024 19:00;13.12.2024 20:00;7,743;Avlest
13.12.2024 20:00;13.12.2024 21:00;6,899;Avlest
13.12.2024 21:00;13.12.2024 22:00;7,667;Avlest
13.12.2024 22:00;13.12.2024 23:00;6,951;Avlest
13.12.2024 23:00;14.12.2024 00:00;6,756;Avlest
14.12.2024 00:00;14.12.2024 01:00;7,495;Avlest
14.12.2024 01:00;14.12.2024 02:00;6,728;Avlest
14.12.2024 02:00;14.12.2024 03:00;6,662;Avlest
14.12.2024 03:00;14.12.2024 04:00;6,655;Avlest
14.12.2024 04:00;14.12.2024 05:00;7,35;Avlest
14.12.2024 05:00;14.12.2024 06:00;6,568;Avlest
14.12.2024 06:00;14.12.2024 07:00;6,492;Avlest
14.12.2024 07:00;14.12.2024 08:00;6,98;Avlest
14.12.2024 08:00;14.12.2024 09:00;6,697;Avlest
14.12.2024 09:00;14.12.2024 10:00;7,737;Avlest
14.12.2024 10:00;14.12.2024 11:00;7,826;Avlest
14.12.2024 11:00;14.12.2024 12:00;7,006;Avlest
14.12.2024 12:00;14.12.2024 13:00;3,128;Avlest
14.12.2024 13:00;14.12.2024 14:00;4,06;Avlest
14.12.2024 14:00;14.12.2024 15:00;3,349;Avlest
14.12.2024 15:00;14.12.2024 16:00;4,89;Avlest
14.12.2024 16:00;14.12.2024 17:00;5,395;Avlest
14.12.2024 17:00;14.12.2024 18:00;4,675;Avlest
14.12.2024 18:00;14.12.2024 19:00;5,058;Avlest
14.12.2024 19:00;14.12.2024 20:00;5,085;Avlest
14.12.2024 20:00;14.12.2024 21:00;4,81;Avlest
14.12.2024 21:00;14.12.2024 22:00;5,782;Avlest
14.12.2024 22:00;14.12.2024 23:00;4,405;Avlest
14.12.2024 23:00;15.12.2024 00:00;4,924;Avlest
15.12.2024 00:00;15.12.2024 01:00;4,014;Avlest
15.12.2024 01:00;15.12.2024 02:00;4,46;Avlest
15.12.2024 02:00;15.12.2024 03:00;4,371;Avlest
15.12.2024 03:00;15.12.2024 04:00;4,109;Avlest
15.12.2024 04:00;15.12.2024 05:00;4,107;Avlest
15.12.2024 05:00;15.12.2024 06:00;4,943;Avlest
15.12.2024 06:00;15.12.2024 07:00;4,149;Avlest
15.12.2024 07:00;15.12.2024 08:00;4,179;Avlest
15.12.2024 08:00;15.12.2024 09:00;5,142;Avlest
15.12.2024 09:00;15.12.2024 10:00;5,797;Avlest
15.12.2024 10:00;15.12.2024 11:00;6,284;Avlest
15.12.2024 11:00;15.12.2024 12:00;3,983;Avlest
15.12.2024 12:00;15.12.2024 13:00;3,777;Avlest
15.12.2024 13:00;15.12.2024 14:00;4,321;Avlest
15.12.2024 14:00;15.12.2024 15:00;3,366;Avlest
15.12.2024 15:00;15.12.2024 16:00;4,349;Avlest
15.12.2024 16:00;15.12.2024 17:00;6,336;Avlest
15.12.2024 17:00;15.12.2024 18:00;5,217;Avlest
15.12.2024 18:00;15.12.2024 19:00;5,185;Avlest
15.12.2024 19:00;15.12.2024 20:00;5,117;Avlest
15.12.2024 20:00;15.12.2024 21:00;4,276;Avlest
15.12.2024 21:00;15.12.2024 22:00;4,681;Avlest
15.12.2024 22:00;15.12.2024 23:00;4,315;Avlest
15.12.2024 23:00;16.12.2024 00:00;4,777;Avlest
16.12.2024 00:00;16.12.2024 01:00;3,909;Avlest
16.12.2024 01:00;16.12.2024 02:00;3,817;Avlest
16.12.2024 02:00;16.12.2024 03:00;3,862;Avlest
16.12.2024 03:00;16.12.2024 04:00;4,584;Avlest
16.12.2024 04:00;16.12.2024 05:00;3,846;Avlest
16.12.2024 05:00;16.12.2024 06:00;3,862;Avlest
16.12.2024 06:00;16.12.2024 07:00;4,203;Avlest
16.12.2024 07:00;16.12.2024 08:00;4,869;Avlest
16.12.2024 08:00;16.12.2024 09:00;5,234;Avlest
16.12.2024 09:00;16.12.2024 10:00;4,179;Avlest
16.12.2024 10:00;16.12.2024 11:00;4,61;Avlest
16.12.2024 11:00;16.12.2024 12:00;4,412;Avlest
16.12.2024 12:00;16.12.2024 13:00;4,603;Avlest
16.12.2024 13:00;16.12.2024 14:00;4,926;Avlest
16.12.2024 14:00;16.12.2024 15:00;4,93;Avlest
16.12.2024 15:00;16.12.2024 16:00;4,851;Avlest
16.12.2024 16:00;16.12.2024 17:00;4,695;Avlest
16.12.2024 17:00;16.12.2024 18:00;7,213;Avlest
16.12.2024 18:00;16.12.2024 19:00;7,832;Avlest
16.12.2024 19:00;16.12.2024 20:00;7,163;Avlest
16.12.2024 20:00;16.12.2024 21:00;5,329;Avlest
16.12.2024 21:00;16.12.2024 22:00;2,991;Avlest
16.12.2024 22:00;16.12.2024 23:00;3,046;Avlest
16.12.2024 23:00;17.12.2024 00:00;2,859;Avlest
17.12.2024 00:00;17.12.2024 01:00;2,786;Avlest
17.12.2024 01:00;17.12.2024 02:00;2,523;Avlest
17.12.2024 02:00;17.12.2024 03:00;2,564;Avlest
17.12.2024 03:00;17.12.2024 04:00;2,684;Avlest
17.12.2024 04:00;17.12.2024 05:00;2,479;Avlest
17.12.2024 05:00;17.12.2024 06:00;2,46;Avlest
17.12.2024 06:00;17.12.2024 07:00;2,991;Avlest
17.12.2024 07:00;17.12.2024 08:00;2,899;Avlest
17.12.2024 08:00;17.12.2024 09:00;2,905;Avlest
17.12.2024 09:00;17.12.2024 10:00;2,529;Avlest
17.12.2024 10:00;17.12.2024 11:00;2,835;Avlest
17.12.2024 11:00;17.12.2024 12:00;3,112;Avlest
17.12.2024 12:00;17.12.2024 13:00;2,971;Avlest
17.12.2024 13:00;17.12.2024 14:00;3,251;Avlest
17.12.2024 14:00;17.12.2024 15:00;3,491;Avlest
17.12.2024 15:00;17.12.2024 16:00;2,895;Avlest
17.12.2024 16:00;17.12.2024 17:00;3,016;Avlest
17.12.2024 17:00;17.12.2024 18:00;3,697;Avlest
17.12.2024 18:00;17.12.2024 19:00;2,954;Avlest
17.12.2024 19:00;17.12.2024 20:00;4,988;Avlest
17.12.2024 20:00;17.12.2024 21:00;4,469;Avlest
17.12.2024 21:00;17.12.2024 22:00;4,036;Avlest
17.12.2024 22:00;17.12.2024 23:00;5,701;Avlest
17.12.2024 23:00;18.12.2024 00:00;5,336;Avlest
18.12.2024 00:00;18.12.2024 01:00;4,056;Avlest
18.12.2024 01:00;18.12.2024 02:00;4,376;Avlest
18.12.2024 02:00;18.12.2024 03:00;4,4;Avlest
18.12.2024 03:00;18.12.2024 04:00;4,184;Avlest
18.12.2024 04:00;18.12.2024 05:00;3,634;Avlest
18.12.2024 05:00;18.12.2024 06:00;3,556;Avlest
18.12.2024 06:00;18.12.2024 07:00;3,628;Avlest
18.12.2024 07:00;18.12.2024 08:00;3,427;Avlest
18.12.2024 08:00;18.12.2024 09:00;3,892;Avlest
18.12.2024 09:00;18.12.2024 10:00;4,297;Avlest
18.12.2024 10:00;18.12.2024 11:00;4,082;Avlest
18.12.2024 11:00;18.12.2024 12:00;3,441;Avlest
18.12.2024 12:00;18.12.2024 13:00;3,75;Avlest
18.12.2024 13:00;18.12.2024 14:00;3,789;Avlest
18.12.2024 14:00;18.12.2024 15:00;3,238;Avlest
18.12.2024 15:00;18.12.2024 16:00;3,652;Avlest
18.12.2024 16:00;18.12.2024 17:00;3,569;Avlest
18.12.2024 17:00;18.12.2024 18:00;3,845;Avlest
18.12.2024 18:00;18.12.2024 19:00;5,574;Avlest
18.12.2024 19:00;18.12.2024 20:00;5,776;Avlest
18.12.2024 20:00;18.12.2024 21:00;4,858;Avlest
18.12.2024 21:00;18.12.2024 22:00;3,528;Avlest
18.12.2024 22:00;18.12.2024 23:00;4,72;Avlest
18.12.2024 23:00;19.12.2024 00:00;4,664;Avlest
19.12.2024 00:00;19.12.2024 01:00;4,724;Avlest
19.12.2024 01:00;19.12.2024 02:00;4,711;Avlest
19.12.2024 02:00;19.12.2024 03:00;4,991;Avlest
19.12.2024 03:00;19.12.2024 04:00;4,835;Avlest
19.12.2024 04:00;19.12.2024 05:00;4,485;Avlest
19.12.2024 05:00;19.12.2024 06:00;4,412;Avlest
19.12.2024 06:00;19.12.2024 07:00;4,435;Avlest
19.12.2024 07:00;19.12.2024 08:00;4,493;Avlest
19.12.2024 08:00;19.12.2024 09:00;4,826;Avlest
19.12.2024 09:00;19.12.2024 10:00;2,406;Avlest
19.12.2024 10:00;19.12.2024 11:00;1,408;Avlest
19.12.2024 11:00;19.12.2024 12:00;1,609;Avlest
19.12.2024 12:00;19.12.2024 13:00;1,524;Avlest
19.12.2024 13:00;19.12.2024 14:00;1,381;Avlest
19.12.2024 14:00;19.12.2024 15:00;1,408;Avlest
19.12.2024 15:00;19.12.2024 16:00;1,832;Avlest
19.12.2024 16:00;19.12.2024 17:00;2,29;Avlest
19.12.2024 17:00;19.12.2024 18:00;1,904;Avlest
19.12.2024 18:00;19.12.2024 19:00;2,621;Avlest
19.12.2024 19:00;19.12.2024 20:00;2,321;Avlest
19.12.2024 20:00;19.12.2024 21:00;2,623;Avlest
19.12.2024 21:00;19.12.2024 22:00;3,06;Avlest
19.12.2024 22:00;19.12.2024 23:00;2,354;Avlest
19.12.2024 23:00;20.12.2024 00:00;1,991;Avlest
20.12.2024 00:00;20.12.2024 01:00;1,781;Avlest
20.12.2024 01:00;20.12.2024 02:00;2,035;Avlest
20.12.2024 02:00;20.12.2024 03:00;2,07;Avlest
20.12.2024 03:00;20.12.2024 04:00;2,078;Avlest
20.12.2024 04:00;20.12.2024 05:00;2,118;Avlest
20.12.2024 05:00;20.12.2024 06:00;2,251;Avlest
20.12.2024 06:00;20.12.2024 07:00;2,622;Avlest
20.12.2024 07:00;20.12.2024 08:00;2,255;Avlest
20.12.2024 08:00;20.12.2024 09:00;3,373;Avlest
20.12.2024 09:00;20.12.2024 10:00;2,904;Avlest
20.12.2024 10:00;20.12.2024 11:00;2,793;Avlest
20.12.2024 11:00;20.12.2024 12:00;2,799;Avlest
20.12.2024 12:00;20.12.2024 13:00;2,523;Avlest
20.12.2024 13:00;20.12.2024 14:00;2,791;Avlest
20.12.2024 14:00;20.12.2024 15:00;3,201;Avlest
20.12.2024 15:00;20.12.2024 16:00;2,602;Avlest
20.12.2024 16:00;20.12.2024 17:00;3,282;Avlest
20.12.2024 17:00;20.12.2024 18:00;2,665;Avlest
20.12.2024 18:00;20.12.2024 19:00;3,434;Avlest
20.12.2024 19:00;20.12.2024 20:00;3,092;Avlest
20.12.2024 20:00;20.12.2024 21:00;2,893;Avlest
20.12.2024 21:00;20.12.2024 22:00;3,72;Avlest
20.12.2024 22:00;20.12.2024 23:00;3,142;Avlest
20.12.2024 23:00;21.12.2024 00:00;2,852;Avlest
21.12.2024 00:00;21.12.2024 01:00;3,591;Avlest
21.12.2024 01:00;21.12.2024 02:00;3,052;Avlest
21.12.2024 02:00;21.12.2024 03:00;3,156;Avlest
21.12.2024 03:00;21.12.2024 04:00;2,742;Avlest
21.12.2024 04:00;21.12.2024 05:00;3,075;Avlest
21.12.2024 05:00;21.12.2024 06:00;2,453;Avlest
21.12.2024 06:00;21.12.2024 07:00;3,73;Avlest
21.12.2024 07:00;21.12.2024 08:00;3,044;Avlest
21.12.2024 08:00;21.12.2024 09:00;3,22;Avlest
21.12.2024 09:00;21.12.2024 10:00;3,363;Avlest
21.12.2024 10:00;21.12.2024 11:00;3,16;Avlest
21.12.2024 11:00;21.12.2024 12:00;3,691;Avlest
21.12.2024 12:00;21.12.2024 13:00;2,744;Avlest
21.12.2024 13:00;21.12.2024 14:00;2,78;Avlest
21.12.2024 14:00;21.12.2024 15:00;3,163;Avlest
21.12.2024 15:00;21.12.2024 16:00;3,044;Avlest
21.12.2024 16:00;21.12.2024 17:00;3,96;Avlest
21.12.2024 17:00;21.12.2024 18:00;3,546;Avlest
21.12.2024 18:00;21.12.2024 19:00;3,452;Avlest
21.12.2024 19:00;21.12.2024 20:00;2,489;Avlest
21.12.2024 20:00;21.12.2024 21:00;2,849;Avlest
21.12.2024 21:00;21.12.2024 22:00;2,54;Avlest
21.12.2024 22:00;21.12.2024 23:00;3,601;Avlest
21.12.2024 23:00;22.12.2024 00:00;3,866;Avlest
22.12.2024 00:00;22.12.2024 01:00;4,525;Avlest
22.12.2024 01:00;22.12.2024 02:00;3,439;Avlest
22.12.2024 02:00;22.12.2024 03:00;2,587;Avlest
22.12.2024 03:00;22.12.2024 04:00;2,93;Avlest
22.12.2024 04:00;22.12.2024 05:00;2,564;Avlest
22.12.2024 05:00;22.12.2024 06:00;2,818;Avlest
22.12.2024 06:00;22.12.2024 07:00;4,231;Avlest
22.12.2024 07:00;22.12.2024 08:00;4,861;Avlest
22.12.2024 08:00;22.12.2024 09:00;4,614;Avlest
22.12.2024 09:00;22.12.2024 10:00;3,962;Avlest
22.12.2024 10:00;22.12.2024 11:00;2,867;Avlest
22.12.2024 11:00;22.12.2024 12:00;2,574;Avlest
22.12.2024 12:00;22.12.2024 13:00;2,299;Avlest
22.12.2024 13:00;22.12.2024 14:00;2,347;Avlest
22.12.2024 14:00;22.12.2024 15:00;2,442;Avlest
22.12.2024 15:00;22.12.2024 16:00;2,197;Avlest
22.12.2024 16:00;22.12.2024 17:00;2,354;Avlest
22.12.2024 17:00;22.12.2024 18:00;2,27;Avlest
22.12.2024 18:00;22.12.2024 19:00;3,309;Avlest
22.12.2024 19:00;22.12.2024 20:00;2,867;Avlest
22.12.2024 20:00;22.12.2024 21:00;6,002;Avlest
22.12.2024 21:00;22.12.2024 22:00;5,278;Avlest
22.12.2024 22:00;22.12.2024 23:00;5,916;Avlest
22.12.2024 23:00;23.12.2024 00:00;4,976;Avlest
23.12.2024 00:00;23.12.2024 01:00;4,549;Avlest
23.12.2024 01:00;23.12.2024 02:00;5,314;Avlest
23.12.2024 02:00;23.12.2024 03:00;4,945;Avlest
23.12.2024 03:00;23.12.2024 04:00;4,586;Avlest
23.12.2024 04:00;23.12.2024 05:00;4,611;Avlest
23.12.2024 05:00;23.12.2024 06:00;4,753;Avlest
23.12.2024 06:00;23.12.2024 07:00;5,378;Avlest
23.12.2024 07:00;23.12.2024 08:00;5,14;Avlest
23.12.2024 08:00;23.12.2024 09:00;5,308;Avlest
23.12.2024 09:00;23.12.2024 10:00;2,346;Avlest
23.12.2024 10:00;23.12.2024 11:00;2,616;Avlest
23.12.2024 11:00;23.12.2024 12:00;2,323;Avlest
23.12.2024 12:00;23.12.2024 13:00;2,429;Avlest
23.12.2024 13:00;23.12.2024 14:00;2,651;Avlest
23.12.2024 14:00;23.12.2024 15:00;3,113;Avlest
23.12.2024 15:00;23.12.2024 16:00;2,795;Avlest
23.12.2024 16:00;23.12.2024 17:00;2,671;Avlest
23.12.2024 17:00;23.12.2024 18:00;2,825;Avlest
23.12.2024 18:00;23.12.2024 19:00;2,736;Avlest
23.12.2024 19:00;23.12.2024 20:00;2,982;Avlest
23.12.2024 20:00;23.12.2024 21:00;2,815;Avlest
23.12.2024 21:00;23.12.2024 22:00;3,499;Avlest
23.12.2024 22:00;23.12.2024 23:00;3,166;Avlest
23.12.2024 23:00;24.12.2024 00:00;4,176;Avlest
24.12.2024 00:00;24.12.2024 01:00;4,176;Avlest
24.12.2024 01:00;24.12.2024 02:00;4,023;Avlest
24.12.2024 02:00;24.12.2024 03:00;4,325;Avlest
24.12.2024 03:00;24.12.2024 04:00;3,345;Avlest
24.12.2024 04:00;24.12.2024 05:00;3,295;Avlest
24.12.2024 05:00;24.12.2024 06:00;3,546;Avlest
24.12.2024 06:00;24.12.2024 07:00;3,266;Avlest
24.12.2024 07:00;24.12.2024 08:00;3,669;Avlest
24.12.2024 08:00;24.12.2024 09:00;3,374;Avlest
24.12.2024 09:00;24.12.2024 10:00;3,748;Avlest
24.12.2024 10:00;24.12.2024 11:00;3,452;Avlest
24.12.2024 11:00;24.12.2024 12:00;3,266;Avlest
24.12.2024 12:00;24.12.2024 13:00;3,396;Avlest
24.12.2024 13:00;24.12.2024 14:00;3,804;Avlest
24.12.2024 14:00;24.12.2024 15:00;4,989;Avlest
24.12.2024 15:00;24.12.2024 16:00;3,972;Avlest
24.12.2024 16:00;24.12.2024 17:00;4,475;Avlest
24.12.2024 17:00;24.12.2024 18:00;3,827;Avlest
24.12.2024 18:00;24.12.2024 19:00;2,605;Avlest
24.12.2024 19:00;24.12.2024 20:00;2,871;Avlest
24.12.2024 20:00;24.12.2024 21:00;3,382;Avlest
24.12.2024 21:00;24.12.2024 22:00;4,32;Avlest
24.12.2024 22:00;24.12.2024 23:00;5,657;Avlest
24.12.2024 23:00;25.12.2024 00:00;4,118;Avlest
25.12.2024 00:00;25.12.2024 01:00;3,803;Avlest
25.12.2024 01:00;25.12.2024 02:00;3,152;Avlest
25.12.2024 02:00;25.12.2024 03:00;3,68;Avlest
25.12.2024 03:00;25.12.2024 04:00;2,909;Avlest
25.12.2024 04:00;25.12.2024 05:00;3,152;Avlest
25.12.2024 05:00;25.12.2024 06:00;3,003;Avlest
25.12.2024 06:00;25.12.2024 07:00;2,89;Avlest
25.12.2024 07:00;25.12.2024 08:00;3,31;Avlest
25.12.2024 08:00;25.12.2024 09:00;2,55;Avlest
25.12.2024 09:00;25.12.2024 10:00;3,243;Avlest
25.12.2024 10:00;25.12.2024 11:00;3,385;Avlest
25.12.2024 11:00;25.12.2024 12:00;3,67;Avlest
25.12.2024 12:00;25.12.2024 13:00;3,014;Avlest
25.12.2024 13:00;25.12.2024 14:00;3,052;Avlest
25.12.2024 14:00;25.12.2024 15:00;3,533;Avlest
25.12.2024 15:00;25.12.2024 16:00;3,278;Avlest
25.12.2024 16:00;25.12.2024 17:00;4,945;Avlest
25.12.2024 17:00;25.12.2024 18:00;3,628;Avlest
25.12.2024 18:00;25.12.2024 19:00;3,085;Avlest
25.12.2024 19:00;25.12.2024 20:00;3,073;Avlest
25.12.2024 20:00;25.12.2024 21:00;2,707;Avlest
25.12.2024 21:00;25.12.2024 22:00;3,437;Avlest
25.12.2024 22:00;25.12.2024 23:00;3,012;Avlest
25.12.2024 23:00;26.12.2024 00:00;3,48;Avlest
26.12.2024 00:00;26.12.2024 01:00;2,702;Avlest
26.12.2024 01:00;26.12.2024 02:00;2,309;Avlest
26.12.2024 02:00;26.12.2024 03:00;2,426;Avlest
26.12.2024 03:00;26.12.2024 04:00;2,724;Avlest
26.12.2024 04:00;26.12.2024 05:00;2,318;Avlest
26.12.2024 05:00;26.12.2024 06:00;2,306;Avlest
26.12.2024 06:00;26.12.2024 07:00;2,669;Avlest
26.12.2024 07:00;26.12.2024 08:00;2,251;Avlest
26.12.2024 08:00;26.12.2024 09:00;2,732;Avlest
26.12.2024 09:00;26.12.2024 10:00;3,209;Avlest
26.12.2024 10:00;26.12.2024 11:00;3,397;Avlest
26.12.2024 11:00;26.12.2024 12:00;2,643;Avlest
26.12.2024 12:00;26.12.2024 13:00;3,726;Avlest
26.12.2024 13:00;26.12.2024 14:00;2,716;Avlest
26.12.2024 14:00;26.12.2024 15:00;3,536;Avlest
26.12.2024 15:00;26.12.2024 16:00;4,005;Avlest
26.12.2024 16:00;26.12.2024 17:00;4,11;Avlest
26.12.2024 17:00;26.12.2024 18:00;2,673;Avlest
26.12.2024 18:00;26.12.2024 19:00;2,582;Avlest
26.12.2024 19:00;26.12.2024 20:00;3,318;Avlest
26.12.2024 20:00;26.12.2024 21:00;2,616;Avlest
26.12.2024 21:00;26.12.2024 22:00;2,971;Avlest
26.12.2024 22:00;26.12.2024 23:00;2,555;Avlest
26.12.2024 23:00;27.12.2024 00:00;2,892;Avlest
27.12.2024 00:00;27.12.2024 01:00;2,427;Avlest
27.12.2024 01:00;27.12.2024 02:00;2,331;Avlest
27.12.2024 02:00;27.12.2024 03:00;2,71;Avlest
27.12.2024 03:00;27.12.2024 04:00;2,523;Avlest
27.12.2024 04:00;27.12.2024 05:00;2,675;Avlest
27.12.2024 05:00;27.12.2024 06:00;2,797;Avlest
27.12.2024 06:00;27.12.2024 07:00;3,018;Avlest
27.12.2024 07:00;27.12.2024 08:00;3,643;Avlest
27.12.2024 08:00;27.12.2024 09:00;3,296;Avlest
27.12.2024 09:00;27.12.2024 10:00;3,744;Avlest
27.12.2024 10:00;27.12.2024 11:00;3,57;Avlest
27.12.2024 11:00;27.12.2024 12:00;3,378;Avlest
27.12.2024 12:00;27.12.2024 13:00;4,368;Avlest
27.12.2024 13:00;27.12.2024 14:00;3,441;Avlest
27.12.2024 14:00;27.12.2024 15:00;4,572;Avlest
27.12.2024 15:00;27.12.2024 16:00;4,641;Avlest
27.12.2024 16:00;27.12.2024 17:00;4,15;Avlest
27.12.2024 17:00;27.12.2024 18:00;3,146;Avlest
27.12.2024 18:00;27.12.2024 19:00;3,716;Avlest
27.12.2024 19:00;27.12.2024 20:00;3,763;Avlest
27.12.2024 20:00;27.12.2024 21:00;3,324;Avlest
27.12.2024 21:00;27.12.2024 22:00;2,387;Avlest
27.12.2024 22:00;27.12.2024 23:00;2,607;Avlest
27.12.2024 23:00;28.12.2024 00:00;3,122;Avlest
28.12.2024 00:00;28.12.2024 01:00;2,41;Avlest
28.12.2024 01:00;28.12.2024 02:00;3,913;Avlest
28.12.2024 02:00;28.12.2024 03:00;2,448;Avlest
28.12.2024 03:00;28.12.2024 04:00;2,948;Avlest
28.12.2024 04:00;28.12.2024 05:00;2,737;Avlest
28.12.2024 05:00;28.12.2024 06:00;2,503;Avlest
28.12.2024 06:00;28.12.2024 07:00;2,996;Avlest
28.12.2024 07:00;28.12.2024 08:00;2,538;Avlest
28.12.2024 08:00;28.12.2024 09:00;2,788;Avlest
28.12.2024 09:00;28.12.2024 10:00;3,087;Avlest
28.12.2024 10:00;28.12.2024 11:00;2,796;Avlest
28.12.2024 11:00;28.12.2024 12:00;3,292;Avlest
28.12.2024 12:00;28.12.2024 13:00;2,027;Avlest
28.12.2024 13:00;28.12.2024 14:00;2,313;Avlest
28.12.2024 14:00;28.12.2024 15:00;2,616;Avlest
28.12.2024 15:00;28.12.2024 16:00;2,828;Avlest
28.12.2024 16:00;28.12.2024 17:00;2,194;Avlest
28.12.2024 17:00;28.12.2024 18:00;2,389;Avlest
28.12.2024 18:00;28.12.2024 19:00;2,102;Avlest
28.12.2024 19:00;28.12.2024 20:00;1,967;Avlest
28.12.2024 20:00;28.12.2024 21:00;2,375;Avlest
28.12.2024 21:00;28.12.2024 22:00;2,471;Avlest
28.12.2024 22:00;28.12.2024 23:00;2,247;Avlest
28.12.2024 23:00;29.12.2024 00:00;2,646;Avlest
29.12.2024 00:00;29.12.2024 01:00;2,015;Avlest
29.12.2024 01:00;29.12.2024 02:00;2,003;Avlest
29.12.2024 02:00;29.12.2024 03:00;2,393;Avlest
29.12.2024 03:00;29.12.2024 04:00;2,003;Avlest
29.12.2024 04:00;29.12.2024 05:00;1,999;Avlest
29.12.2024 05:00;29.12.2024 06:00;2,615;Avlest
29.12.2024 06:00;29.12.2024 07:00;4,228;Avlest
29.12.2024 07:00;29.12.2024 08:00;4,62;Avlest
29.12.2024 08:00;29.12.2024 09:00;3,232;Avlest
29.12.2024 09:00;29.12.2024 10:00;2,538;Avlest
29.12.2024 10:00;29.12.2024 11:00;2,751;Avlest
29.12.2024 11:00;29.12.2024 12:00;2,8;Avlest
29.12.2024 12:00;29.12.2024 13:00;2,508;Avlest
29.12.2024 13:00;29.12.2024 14:00;3,104;Avlest
29.12.2024 14:00;29.12.2024 15:00;2,73;Avlest
29.12.2024 15:00;29.12.2024 16:00;2,836;Avlest
29.12.2024 16:00;29.12.2024 17:00;3,014;Avlest
29.12.2024 17:00;29.12.2024 18:00;3,046;Avlest
29.12.2024 18:00;29.12.2024 19:00;2,954;Avlest
29.12.2024 19:00;29.12.2024 20:00;2,476;Avlest
29.12.2024 20:00;29.12.2024 21:00;2,636;Avlest
29.12.2024 21:00;29.12.2024 22:00;3,187;Avlest
29.12.2024 22:00;29.12.2024 23:00;2,809;Avlest
29.12.2024 23:00;30.12.2024 00:00;2,568;Avlest
30.12.2024 00:00;30.12.2024 01:00;2,531;Avlest
30.12.2024 01:00;30.12.2024 02:00;2,09;Avlest
30.12.2024 02:00;30.12.2024 03:00;2,481;Avlest
30.12.2024 03:00;30.12.2024 04:00;2,499;Avlest
30.12.2024 04:00;30.12.2024 05:00;2,517;Avlest
30.12.2024 05:00;30.12.2024 06:00;3,304;Avlest
30.12.2024 06:00;30.12.2024 07:00;2,983;Avlest
30.12.2024 07:00;30.12.2024 08:00;3,422;Avlest
30.12.2024 08:00;30.12.2024 09:00;3,487;Avlest
30.12.2024 09:00;30.12.2024 10:00;3,651;Avlest
30.12.2024 10:00;30.12.2024 11:00;3,158;Avlest
30.12.2024 11:00;30.12.2024 12:00;2,526;Avlest
30.12.2024 12:00;30.12.2024 13:00;2,699;Avlest
30.12.2024 13:00;30.12.2024 14:00;2,176;Avlest
30.12.2024 14:00;30.12.2024 15:00;2,632;Avlest
30.12.2024 15:00;30.12.2024 16:00;2,295;Avlest
30.12.2024 16:00;30.12.2024 17:00;3,097;Avlest
30.12.2024 17:00;30.12.2024 18:00;3,679;Avlest
30.12.2024 18:00;30.12.2024 19:00;4,041;Avlest
30.12.2024 19:00;30.12.2024 20:00;2,835;Avlest
30.12.2024 20:00;30.12.2024 21:00;3,325;Avlest
30.12.2024 21:00;30.12.2024 22:00;4,05;Avlest
30.12.2024 22:00;30.12.2024 23:00;6,086;Avlest
30.12.2024 23:00;31.12.2024 00:00;5,497;Avlest
31.12.2024 00:00;31.12.2024 01:00;5,186;Avlest
31.12.2024 01:00;31.12.2024 02:00;5,284;Avlest
31.12.2024 02:00;31.12.2024 03:00;4,933;Avlest
31.12.2024 03:00;31.12.2024 04:00;5,31;Avlest
31.12.2024 04:00;31.12.2024 05:00;5,09;Avlest
31.12.2024 05:00;31.12.2024 06:00;5,782;Avlest
31.12.2024 06:00;31.12.2024 07:00;5,333;Avlest
31.12.2024 07:00;31.12.2024 08:00;5,832;Avlest
31.12.2024 08:00;31.12.2024 09:00;5,343;Avlest
31.12.2024 09:00;31.12.2024 10:00;6,4;Avlest
31.12.2024 10:00;31.12.2024 11:00;5,724;Avlest
31.12.2024 11:00;31.12.2024 12:00;7,488;Avlest
31.12.2024 12:00;31.12.2024 13:00;7,265;Avlest
31.12.2024 13:00;31.12.2024 14:00;8,3;Avlest
31.12.2024 14:00;31.12.2024 15:00;10,254;Avlest
31.12.2024 15:00;31.12.2024 16:00;6,064;Avlest
31.12.2024 16:00;31.12.2024 17:00;5,177;Avlest
31.12.2024 17:00;31.12.2024 18:00;5,363;Avlest
31.12.2024 18:00;31.12.2024 19:00;3,433;Avlest
31.12.2024 19:00;31.12.2024 20:00;3,269;Avlest
31.12.2024 20:00;31.12.2024 21:00;3,382;Avlest
31.12.2024 21:00;31.12.2024 22:00;3,147;Avlest
31.12.2024 22:00;31.12.2024 23:00;3,087;Avlest
31.12.2024 23:00;01.01.2025 00:00;4,49;Avlest