,start,end,value
0,2024-11-30 23:00:00+00:00,2024-12-01 00:00:00+00:00,436.68
1,2024-12-01 00:00:00+00:00,2024-12-01 01:00:00+00:00,420.92
2,2024-12-01 01:00:00+00:00,2024-12-01 02:00:00+00:00,419.64
3,2024-12-01 02:00:00+00:00,2024-12-01 03:00:00+00:00,417.65
4,2024-12-01 03:00:00+00:00,2024-12-01 04:00:00+00:00,417.3
5,2024-12-01 04:00:00+00:00,2024-12-01 05:00:00+00:00,420.92
6,2024-12-01 05:00:00+00:00,2024-12-01 06:00:00+00:00,423.84
7,2024-12-01 06:00:00+00:00,2024-12-01 07:00:00+00:00,446.02
8,2024-12-01 07:00:00+00:00,2024-12-01 08:00:00+00:00,445.32
9,2024-12-01 08:00:00+00:00,2024-12-01 09:00:00+00:00,449.64
10,2024-12-01 09:00:00+00:00,2024-12-01 10:00:00+00:00,450.69
11,2024-12-01 10:00:00+00:00,2024-12-01 11:00:00+00:00,450.57
12,2024-12-01 11:00:00+00:00,2024-12-01 12:00:00+00:00,448.12
13,2024-12-01 12:00:00+00:00,2024-12-01 13:00:00+00:00,447.89
14,2024-12-01 13:00:00+00:00,2024-12-01 14:00:00+00:00,449.4
15,2024-12-01 14:00:00+00:00,2024-12-01 15:00:00+00:00,448.94
16,2024-12-01 15:00:00+00:00,2024-12-01 16:00:00+00:00,453.37
17,2024-12-01 16:00:00+00:00,2024-12-01 17:00:00+00:00,454.42
18,2024-12-01 17:00:00+00:00,2024-12-01 18:00:00+00:00,451.74
19,2024-12-01 18:00:00+00:00,2024-12-01 19:00:00+00:00,446.84
20,2024-12-01 19:00:00+00:00,2024-12-01 20:00:00+00:00,444.74
21,2024-12-01 20:00:00+00:00,2024-12-01 21:00:00+00:00,440.18
22,2024-12-01 21:00:00+00:00,2024-12-01 22:00:00+00:00,438.32
23,2024-12-01 22:00:00+00:00,2024-12-01 23:00:00+00:00,432.01
24,2024-12-01 23:00:00+00:00,2024-12-02 00:00:00+00:00,340.38
25,2024-12-02 00:00:00+00:00,2024-12-02 01:00:00+00:00,334.31
26,2024-12-02 01:00:00+00:00,2024-12-02 02:00:00+00:00,338.51
27,2024-12-02 02:00:00+00:00,2024-12-02 03:00:00+00:00,339.56
28,2024-12-02 03:00:00+00:00,2024-12-02 04:00:00+00:00,333.03
29,2024-12-02 04:00:00+00:00,2024-12-02 05:00:00+00:00,331.98
30,2024-12-02 05:00:00+00:00,2024-12-02 06:00:00+00:00,459.56
31,2024-12-02 06:00:00+00:00,2024-12-02 07:00:00+00:00,472.75
32,2024-12-02 07:00:00+00:00,2024-12-02 08:00:00+00:00,486.29
33,2024-12-02 08:00:00+00:00,2024-12-02 09:00:00+00:00,484.42
34,2024-12-02 09:00:00+00:00,2024-12-02 10:00:00+00:00,479.75
35,2024-12-02 10:00:00+00:00,2024-12-02 11:00:00+00:00,477.65
36,2024-12-02 11:00:00+00:00,2024-12-02 12:00:00+00:00,475.32
37,2024-12-02 12:00:00+00:00,2024-12-02 13:00:00+00:00,474.27
38,2024-12-02 13:00:00+00:00,2024-12-02 14:00:00+00:00,472.63
39,2024-12-02 14:00:00+00:00,2024-12-02 15:00:00+00:00,477.89
40,2024-12-02 15:00:00+00:00,2024-12-02 16:00:00+00:00,489.09
41,2024-12-02 16:00:00+00:00,2024-12-02 17:00:00+00:00,487.46
42,2024-12-02 17:00:00+00:00,2024-12-02 18:00:00+00:00,489.56
43,2024-12-02 18:00:00+00:00,2024-12-02 19:00:00+00:00,481.74
44,2024-12-02 19:00:00+00:00,2024-12-02 20:00:00+00:00,474.27
45,2024-12-02 20:00:00+00:00,2024-12-02 21:00:00+00:00,469.95
46,2024-12-02 21:00:00+00:00,2024-12-02 22:00:00+00:00,465.51
47,2024-12-02 22:00:00+00:00,2024-12-02 23:00:00+00:00,463.41
48,2024-12-02 23:00:00+00:00,2024-12-03 00:00:00+00:00,432.22
49,2024-12-03 00:00:00+00:00,2024-12-03 01:00:00+00:00,381.62
50,2024-12-03 01:00:00+00:00,2024-12-03 02:00:00+00:00,363.55
51,2024-12-03 02:00:00+00:00,2024-12-03 03:00:00+00:00,354.34
52,2024-12-03 03:00:00+00:00,2024-12-03 04:00:00+00:00,368.8
53,2024-12-03 04:00:00+00:00,2024-12-03 05:00:00+00:00,479.68
54,2024-12-03 05:00:00+00:00,2024-12-03 06:00:00+00:00,541.71
55,2024-12-03 06:00:00+00:00,2024-12-03 07:00:00+00:00,719.75
56,2024-12-03 07:00:00+00:00,2024-12-03 08:00:00+00:00,810.46
57,2024-12-03 08:00:00+00:00,2024-12-03 09:00:00+00:00,872.14
58,2024-12-03 09:00:00+00:00,2024-12-03 10:00:00+00:00,1130.41
59,2024-12-03 10:00:00+00:00,2024-12-03 11:00:00+00:00,753.8
60,2024-12-03 11:00:00+00:00,2024-12-03 12:00:00+00:00,722.9
61,2024-12-03 12:00:00+00:00,2024-12-03 13:00:00+00:00,640.35
62,2024-12-03 13:00:00+00:00,2024-12-03 14:00:00+00:00,711.36
63,2024-12-03 14:00:00+00:00,2024-12-03 15:00:00+00:00,734.68
64,2024-12-03 15:00:00+00:00,2024-12-03 16:00:00+00:00,877.51
65,2024-12-03 16:00:00+00:00,2024-12-03 17:00:00+00:00,1610.2
66,2024-12-03 17:00:00+00:00,2024-12-03 18:00:00+00:00,1535.81
67,2024-12-03 18:00:00+00:00,2024-12-03 19:00:00+00:00,1445.8
68,2024-12-03 19:00:00+00:00,2024-12-03 20:00:00+00:00,1276.62
69,2024-12-03 20:00:00+00:00,2024-12-03 21:00:00+00:00,1191.04
70,2024-12-03 21:00:00+00:00,2024-12-03 22:00:00+00:00,1056.37
71,2024-12-03 22:00:00+00:00,2024-12-03 23:00:00+00:00,597.09
72,2024-12-03 23:00:00+00:00,2024-12-04 00:00:00+00:00,628.03
73,2024-12-04 00:00:00+00:00,2024-12-04 01:00:00+00:00,592.88
74,2024-12-04 01:00:00+00:00,2024-12-04 02:00:00+00:00,603.7
75,2024-12-04 02:00:00+00:00,2024-12-04 03:00:00+00:00,601.49
76,2024-12-04 03:00:00+00:00,2024-12-04 04:00:00+00:00,598.93
77,2024-12-04 04:00:00+00:00,2024-12-04 05:00:00+00:00,690.78
78,2024-12-04 05:00:00+00:00,2024-12-04 06:00:00+00:00,1201.23
79,2024-12-04 06:00:00+00:00,2024-12-04 07:00:00+00:00,1975.83
80,2024-12-04 07:00:00+00:00,2024-12-04 08:00:00+00:00,2705.83
81,2024-12-04 08:00:00+00:00,2024-12-04 09:00:00+00:00,2295.37
82,2024-12-04 09:00:00+00:00,2024-12-04 10:00:00+00:00,1933.45
83,2024-12-04 10:00:00+00:00,2024-12-04 11:00:00+00:00,1806.1
84,2024-12-04 11:00:00+00:00,2024-12-04 12:00:00+00:00,1225.1
85,2024-12-04 12:00:00+00:00,2024-12-04 13:00:00+00:00,1508.09
86,2024-12-04 13:00:00+00:00,2024-12-04 14:00:00+00:00,1198.79
87,2024-12-04 14:00:00+00:00,2024-12-04 15:00:00+00:00,1225.1
88,2024-12-04 15:00:00+00:00,2024-12-04 16:00:00+00:00,1213.92
89,2024-12-04 16:00:00+00:00,2024-12-04 17:00:00+00:00,1051.41
90,2024-12-04 17:00:00+00:00,2024-12-04 18:00:00+00:00,1001.01
91,2024-12-04 18:00:00+00:00,2024-12-04 19:00:00+00:00,766.09
92,2024-12-04 19:00:00+00:00,2024-12-04 20:00:00+00:00,844.67
93,2024-12-04 20:00:00+00:00,2024-12-04 21:00:00+00:00,869.58
94,2024-12-04 21:00:00+00:00,2024-12-04 22:00:00+00:00,1007.18
95,2024-12-04 22:00:00+00:00,2024-12-04 23:00:00+00:00,683.79
96,2024-12-04 23:00:00+00:00,2024-12-05 00:00:00+00:00,540.69
97,2024-12-05 00:00:00+00:00,2024-12-05 01:00:00+00:00,533.25
98,2024-12-05 01:00:00+00:00,2024-12-05 02:00:00+00:00,536.85
99,2024-12-05 02:00:00+00:00,2024-12-05 03:00:00+00:00,529.53
100,2024-12-05 03:00:00+00:00,2024-12-05 04:00:00+00:00,529.3
101,2024-12-05 04:00:00+00:00,2024-12-05 05:00:00+00:00,544.87
102,2024-12-05 05:00:00+00:00,2024-12-05 06:00:00+00:00,758.1
103,2024-12-05 06:00:00+00:00,2024-12-05 07:00:00+00:00,1066.5
104,2024-12-05 07:00:00+00:00,2024-12-05 08:00:00+00:00,1229.29
105,2024-12-05 08:00:00+00:00,2024-12-05 09:00:00+00:00,963.89
106,2024-12-05 09:00:00+00:00,2024-12-05 10:00:00+00:00,887.89
107,2024-12-05 10:00:00+00:00,2024-12-05 11:00:00+00:00,776.57
108,2024-12-05 11:00:00+00:00,2024-12-05 12:00:00+00:00,731.49
109,2024-12-05 12:00:00+00:00,2024-12-05 13:00:00+00:00,688.73
110,2024-12-05 13:00:00+00:00,2024-12-05 14:00:00+00:00,613.43
111,2024-12-05 14:00:00+00:00,2024-12-05 15:00:00+00:00,603.55
112,2024-12-05 15:00:00+00:00,2024-12-05 16:00:00+00:00,591.93
113,2024-12-05 16:00:00+00:00,2024-12-05 17:00:00+00:00,590.65
114,2024-12-05 17:00:00+00:00,2024-12-05 18:00:00+00:00,549.05
115,2024-12-05 18:00:00+00:00,2024-12-05 19:00:00+00:00,539.41
116,2024-12-05 19:00:00+00:00,2024-12-05 20:00:00+00:00,531.39
117,2024-12-05 20:00:00+00:00,2024-12-05 21:00:00+00:00,538.83
118,2024-12-05 21:00:00+00:00,2024-12-05 22:00:00+00:00,508.26
119,2024-12-05 22:00:00+00:00,2024-12-05 23:00:00+00:00,503.97
120,2024-12-05 23:00:00+00:00,2024-12-06 00:00:00+00:00,442.16
121,2024-12-06 00:00:00+00:00,2024-12-06 01:00:00+00:00,341.39
122,2024-12-06 01:00:00+00:00,2024-12-06 02:00:00+00:00,217.06
123,2024-12-06 02:00:00+00:00,2024-12-06 03:00:00+00:00,156.87
124,2024-12-06 03:00:00+00:00,2024-12-06 04:00:00+00:00,284.59
125,2024-12-06 04:00:00+00:00,2024-12-06 05:00:00+00:00,415.22
126,2024-12-06 05:00:00+00:00,2024-12-06 06:00:00+00:00,496.16
127,2024-12-06 06:00:00+00:00,2024-12-06 07:00:00+00:00,681.02
128,2024-12-06 07:00:00+00:00,2024-12-06 08:00:00+00:00,1091.23
129,2024-12-06 08:00:00+00:00,2024-12-06 09:00:00+00:00,981.12
130,2024-12-06 09:00:00+00:00,2024-12-06 10:00:00+00:00,939.95
131,2024-12-06 10:00:00+00:00,2024-12-06 11:00:00+00:00,910.56
132,2024-12-06 11:00:00+00:00,2024-12-06 12:00:00+00:00,985.91
133,2024-12-06 12:00:00+00:00,2024-12-06 13:00:00+00:00,917.56
134,2024-12-06 13:00:00+00:00,2024-12-06 14:00:00+00:00,967.71
135,2024-12-06 14:00:00+00:00,2024-12-06 15:00:00+00:00,822.5
136,2024-12-06 15:00:00+00:00,2024-12-06 16:00:00+00:00,1097.06
137,2024-12-06 16:00:00+00:00,2024-12-06 17:00:00+00:00,1178.93
138,2024-12-06 17:00:00+00:00,2024-12-06 18:00:00+00:00,1230.49
139,2024-12-06 18:00:00+00:00,2024-12-06 19:00:00+00:00,1151.41
140,2024-12-06 19:00:00+00:00,2024-12-06 20:00:00+00:00,1058.45
141,2024-12-06 20:00:00+00:00,2024-12-06 21:00:00+00:00,986.02
142,2024-12-06 21:00:00+00:00,2024-12-06 22:00:00+00:00,803.02
143,2024-12-06 22:00:00+00:00,2024-12-06 23:00:00+00:00,567.19
144,2024-12-06 23:00:00+00:00,2024-12-07 00:00:00+00:00,565.19
145,2024-12-07 00:00:00+00:00,2024-12-07 01:00:00+00:00,534.93
146,2024-12-07 01:00:00+00:00,2024-12-07 02:00:00+00:00,511.0
147,2024-12-07 02:00:00+00:00,2024-12-07 03:00:00+00:00,500.1
148,2024-12-07 03:00:00+00:00,2024-12-07 04:00:00+00:00,483.09
149,2024-12-07 04:00:00+00:00,2024-12-07 05:00:00+00:00,462.21
150,2024-12-07 05:00:00+00:00,2024-12-07 06:00:00+00:00,471.95
151,2024-12-07 06:00:00+00:00,2024-12-07 07:00:00+00:00,497.28
152,2024-12-07 07:00:00+00:00,2024-12-07 08:00:00+00:00,529.89
153,2024-12-07 08:00:00+00:00,2024-12-07 09:00:00+00:00,524.37
154,2024-12-07 09:00:00+00:00,2024-12-07 10:00:00+00:00,526.95
155,2024-12-07 10:00:00+00:00,2024-12-07 11:00:00+00:00,534.69
156,2024-12-07 11:00:00+00:00,2024-12-07 12:00:00+00:00,538.8
157,2024-12-07 12:00:00+00:00,2024-12-07 13:00:00+00:00,541.97
158,2024-12-07 13:00:00+00:00,2024-12-07 14:00:00+00:00,562.26
159,2024-12-07 14:00:00+00:00,2024-12-07 15:00:00+00:00,577.85
160,2024-12-07 15:00:00+00:00,2024-12-07 16:00:00+00:00,595.92
161,2024-12-07 16:00:00+00:00,2024-12-07 17:00:00+00:00,614.8
162,2024-12-07 17:00:00+00:00,2024-12-07 18:00:00+00:00,606.82
163,2024-12-07 18:00:00+00:00,2024-12-07 19:00:00+00:00,601.43
164,2024-12-07 19:00:00+00:00,2024-12-07 20:00:00+00:00,569.29
165,2024-12-07 20:00:00+00:00,2024-12-07 21:00:00+00:00,564.01
166,2024-12-07 21:00:00+00:00,2024-12-07 22:00:00+00:00,568.35
167,2024-12-07 22:00:00+00:00,2024-12-07 23:00:00+00:00,512.64
168,2024-12-07 23:00:00+00:00,2024-12-08 00:00:00+00:00,507.87
169,2024-12-08 00:00:00+00:00,2024-12-08 01:00:00+00:00,518.93
170,2024-12-08 01:00:00+00:00,2024-12-08 02:00:00+00:00,503.76
171,2024-12-08 02:00:00+00:00,2024-12-08 03:00:00+00:00,496.11
172,2024-12-08 03:00:00+00:00,2024-12-08 04:00:00+00:00,487.17
173,2024-12-08 04:00:00+00:00,2024-12-08 05:00:00+00:00,477.29
174,2024-12-08 05:00:00+00:00,2024-12-08 06:00:00+00:00,484.94
175,2024-12-08 06:00:00+00:00,2024-12-08 07:00:00+00:00,511.87
176,2024-12-08 07:00:00+00:00,2024-12-08 08:00:00+00:00,531.87
177,2024-12-08 08:00:00+00:00,2024-12-08 09:00:00+00:00,584.09
178,2024-12-08 09:00:00+00:00,2024-12-08 10:00:00+00:00,658.78
179,2024-12-08 10:00:00+00:00,2024-12-08 11:00:00+00:00,657.95
180,2024-12-08 11:00:00+00:00,2024-12-08 12:00:00+00:00,682.18
181,2024-12-08 12:00:00+00:00,2024-12-08 13:00:00+00:00,656.78
182,2024-12-08 13:00:00+00:00,2024-12-08 14:00:00+00:00,752.4
183,2024-12-08 14:00:00+00:00,2024-12-08 15:00:00+00:00,753.93
184,2024-12-08 15:00:00+00:00,2024-12-08 16:00:00+00:00,776.39
185,2024-12-08 16:00:00+00:00,2024-12-08 17:00:00+00:00,739.93
186,2024-12-08 17:00:00+00:00,2024-12-08 18:00:00+00:00,667.24
187,2024-12-08 18:00:00+00:00,2024-12-08 19:00:00+00:00,617.37
188,2024-12-08 19:00:00+00:00,2024-12-08 20:00:00+00:00,565.62
189,2024-12-08 20:00:00+00:00,2024-12-08 21:00:00+00:00,531.98
190,2024-12-08 21:00:00+00:00,2024-12-08 22:00:00+00:00,495.17
191,2024-12-08 22:00:00+00:00,2024-12-08 23:00:00+00:00,489.41
192,2024-12-08 23:00:00+00:00,2024-12-09 00:00:00+00:00,487.41
193,2024-12-09 00:00:00+00:00,2024-12-09 01:00:00+00:00,475.53
194,2024-12-09 01:00:00+00:00,2024-12-09 02:00:00+00:00,450.36
195,2024-12-09 02:00:00+00:00,2024-12-09 03:00:00+00:00,412.25
196,2024-12-09 03:00:00+00:00,2024-12-09 04:00:00+00:00,459.53
197,2024-12-09 04:00:00+00:00,2024-12-09 05:00:00+00:00,488.35
198,2024-12-09 05:00:00+00:00,2024-12-09 06:00:00+00:00,528.69
199,2024-12-09 06:00:00+00:00,2024-12-09 07:00:00+00:00,650.19
200,2024-12-09 07:00:00+00:00,2024-12-09 08:00:00+00:00,789.1
201,2024-12-09 08:00:00+00:00,2024-12-09 09:00:00+00:00,701.47
202,2024-12-09 09:00:00+00:00,2024-12-09 10:00:00+00:00,700.88
203,2024-12-09 10:00:00+00:00,2024-12-09 11:00:00+00:00,711.35
204,2024-12-09 11:00:00+00:00,2024-12-09 12:00:00+00:00,720.17
205,2024-12-09 12:00:00+00:00,2024-12-09 13:00:00+00:00,784.63
206,2024-12-09 13:00:00+00:00,2024-12-09 14:00:00+00:00,885.9
207,2024-12-09 14:00:00+00:00,2024-12-09 15:00:00+00:00,1066.09
208,2024-12-09 15:00:00+00:00,2024-12-09 16:00:00+00:00,1088.79
209,2024-12-09 16:00:00+00:00,2024-12-09 17:00:00+00:00,1160.42
210,2024-12-09 17:00:00+00:00,2024-12-09 18:00:00+00:00,1140.07
211,2024-12-09 18:00:00+00:00,2024-12-09 19:00:00+00:00,1096.9
212,2024-12-09 19:00:00+00:00,2024-12-09 20:00:00+00:00,1024.57
213,2024-12-09 20:00:00+00:00,2024-12-09 21:00:00+00:00,925.3
214,2024-12-09 21:00:00+00:00,2024-12-09 22:00:00+00:00,877.9
215,2024-12-09 22:00:00+00:00,2024-12-09 23:00:00+00:00,793.45
216,2024-12-09 23:00:00+00:00,2024-12-10 00:00:00+00:00,726.04
217,2024-12-10 00:00:00+00:00,2024-12-10 01:00:00+00:00,655.01
218,2024-12-10 01:00:00+00:00,2024-12-10 02:00:00+00:00,630.35
219,2024-12-10 02:00:00+00:00,2024-12-10 03:00:00+00:00,637.4
220,2024-12-10 03:00:00+00:00,2024-12-10 04:00:00+00:00,656.65
221,2024-12-10 04:00:00+00:00,2024-12-10 05:00:00+00:00,752.93
222,2024-12-10 05:00:00+00:00,2024-12-10 06:00:00+00:00,1010.4
223,2024-12-10 06:00:00+00:00,2024-12-10 07:00:00+00:00,1347.12
224,2024-12-10 07:00:00+00:00,2024-12-10 08:00:00+00:00,1575.95
225,2024-12-10 08:00:00+00:00,2024-12-10 09:00:00+00:00,1906.09
226,2024-12-10 09:00:00+00:00,2024-12-10 10:00:00+00:00,1869.7
227,2024-12-10 10:00:00+00:00,2024-12-10 11:00:00+00:00,1903.04
228,2024-12-10 11:00:00+00:00,2024-12-10 12:00:00+00:00,1665.53
229,2024-12-10 12:00:00+00:00,2024-12-10 13:00:00+00:00,1762.62
230,2024-12-10 13:00:00+00:00,2024-12-10 14:00:00+00:00,1983.11
231,2024-12-10 14:00:00+00:00,2024-12-10 15:00:00+00:00,2154.06
232,2024-12-10 15:00:00+00:00,2024-12-10 16:00:00+00:00,2204.66
233,2024-12-10 16:00:00+00:00,2024-12-10 17:00:00+00:00,1910.91
234,2024-12-10 17:00:00+00:00,2024-12-10 18:00:00+00:00,1644.98
235,2024-12-10 18:00:00+00:00,2024-12-10 19:00:00+00:00,1518.65
236,2024-12-10 19:00:00+00:00,2024-12-10 20:00:00+00:00,1247.09
237,2024-12-10 20:00:00+00:00,2024-12-10 21:00:00+00:00,1036.7
238,2024-12-10 21:00:00+00:00,2024-12-10 22:00:00+00:00,788.27
239,2024-12-10 22:00:00+00:00,2024-12-10 23:00:00+00:00,698.22
240,2024-12-10 23:00:00+00:00,2024-12-11 00:00:00+00:00,677.22
241,2024-12-11 00:00:00+00:00,2024-12-11 01:00:00+00:00,606.09
242,2024-12-11 01:00:00+00:00,2024-12-11 02:00:00+00:00,582.07
243,2024-12-11 02:00:00+00:00,2024-12-11 03:00:00+00:00,578.2
244,2024-12-11 03:00:00+00:00,2024-12-11 04:00:00+00:00,578.9
245,2024-12-11 04:00:00+00:00,2024-12-11 05:00:00+00:00,643.01
246,2024-12-11 05:00:00+00:00,2024-12-11 06:00:00+00:00,847.97
247,2024-12-11 06:00:00+00:00,2024-12-11 07:00:00+00:00,2034.25
248,2024-12-11 07:00:00+00:00,2024-12-11 08:00:00+00:00,3315.34
249,2024-12-11 08:00:00+00:00,2024-12-11 09:00:00+00:00,3441.9
250,2024-12-11 09:00:00+00:00,2024-12-11 10:00:00+00:00,3218.19
251,2024-12-11 10:00:00+00:00,2024-12-11 11:00:00+00:00,3013.58
252,2024-12-11 11:00:00+00:00,2024-12-11 12:00:00+00:00,2951.47
253,2024-12-11 12:00:00+00:00,2024-12-11 13:00:00+00:00,2809.56
254,2024-12-11 13:00:00+00:00,2024-12-11 14:00:00+00:00,3424.79
255,2024-12-11 14:00:00+00:00,2024-12-11 15:00:00+00:00,3504.13
256,2024-12-11 15:00:00+00:00,2024-12-11 16:00:00+00:00,4028.54
257,2024-12-11 16:00:00+00:00,2024-12-11 17:00:00+00:00,4094.51
258,2024-12-11 17:00:00+00:00,2024-12-11 18:00:00+00:00,2691.9
259,2024-12-11 18:00:00+00:00,2024-12-11 19:00:00+00:00,2413.23
260,2024-12-11 19:00:00+00:00,2024-12-11 20:00:00+00:00,1577.81
261,2024-12-11 20:00:00+00:00,2024-12-11 21:00:00+00:00,1327.38
262,2024-12-11 21:00:00+00:00,2024-12-11 22:00:00+00:00,1210.78
263,2024-12-11 22:00:00+00:00,2024-12-11 23:00:00+00:00,1107.53
264,2024-12-11 23:00:00+00:00,2024-12-12 00:00:00+00:00,1033.04
265,2024-12-12 00:00:00+00:00,2024-12-12 01:00:00+00:00,961.55
266,2024-12-12 01:00:00+00:00,2024-12-12 02:00:00+00:00,927.8
267,2024-12-12 02:00:00+00:00,2024-12-12 03:00:00+00:00,912.09
268,2024-12-12 03:00:00+00:00,2024-12-12 04:00:00+00:00,943.38
269,2024-12-12 04:00:00+00:00,2024-12-12 05:00:00+00:00,961.08
270,2024-12-12 05:00:00+00:00,2024-12-12 06:00:00+00:00,1383.79
271,2024-12-12 06:00:00+00:00,2024-12-12 07:00:00+00:00,4949.78
272,2024-12-12 07:00:00+00:00,2024-12-12 08:00:00+00:00,4525.43
273,2024-12-12 08:00:00+00:00,2024-12-12 09:00:00+00:00,4399.69
274,2024-12-12 09:00:00+00:00,2024-12-12 10:00:00+00:00,3865.53
275,2024-12-12 10:00:00+00:00,2024-12-12 11:00:00+00:00,3205.63
276,2024-12-12 11:00:00+00:00,2024-12-12 12:00:00+00:00,2851.01
277,2024-12-12 12:00:00+00:00,2024-12-12 13:00:00+00:00,2911.6
278,2024-12-12 13:00:00+00:00,2024-12-12 14:00:00+00:00,3252.63
279,2024-12-12 14:00:00+00:00,2024-12-12 15:00:00+00:00,4386.21
280,2024-12-12 15:00:00+00:00,2024-12-12 16:00:00+00:00,5982.23
281,2024-12-12 16:00:00+00:00,2024-12-12 17:00:00+00:00,6237.59
282,2024-12-12 17:00:00+00:00,2024-12-12 18:00:00+00:00,4524.03
283,2024-12-12 18:00:00+00:00,2024-12-12 19:00:00+00:00,3715.53
284,2024-12-12 19:00:00+00:00,2024-12-12 20:00:00+00:00,2139.67
285,2024-12-12 20:00:00+00:00,2024-12-12 21:00:00+00:00,1341.36
286,2024-12-12 21:00:00+00:00,2024-12-12 22:00:00+00:00,1221.48
287,2024-12-12 22:00:00+00:00,2024-12-12 23:00:00+00:00,956.04
288,2024-12-12 23:00:00+00:00,2024-12-13 00:00:00+00:00,629.27
289,2024-12-13 00:00:00+00:00,2024-12-13 01:00:00+00:00,586.01
290,2024-12-13 01:00:00+00:00,2024-12-13 02:00:00+00:00,547.87
291,2024-12-13 02:00:00+00:00,2024-12-13 03:00:00+00:00,521.52
292,2024-12-13 03:00:00+00:00,2024-12-13 04:00:00+00:00,534.11
293,2024-12-13 04:00:00+00:00,2024-12-13 05:00:00+00:00,546.82
294,2024-12-13 05:00:00+00:00,2024-12-13 06:00:00+00:00,673.47
295,2024-12-13 06:00:00+00:00,2024-12-13 07:00:00+00:00,1104.14
296,2024-12-13 07:00:00+00:00,2024-12-13 08:00:00+00:00,2128.99
297,2024-12-13 08:00:00+00:00,2024-12-13 09:00:00+00:00,1853.54
298,2024-12-13 09:00:00+00:00,2024-12-13 10:00:00+00:00,1615.28
299,2024-12-13 10:00:00+00:00,2024-12-13 11:00:00+00:00,1400.12
300,2024-12-13 11:00:00+00:00,2024-12-13 12:00:00+00:00,1345.2
301,2024-12-13 12:00:00+00:00,2024-12-13 13:00:00+00:00,1333.07
302,2024-12-13 13:00:00+00:00,2024-12-13 14:00:00+00:00,1428.58
303,2024-12-13 14:00:00+00:00,2024-12-13 15:00:00+00:00,1426.71
304,2024-12-13 15:00:00+00:00,2024-12-13 16:00:00+00:00,1033.59
305,2024-12-13 16:00:00+00:00,2024-12-13 17:00:00+00:00,1113.71
306,2024-12-13 17:00:00+00:00,2024-12-13 18:00:00+00:00,1122.57
307,2024-12-13 18:00:00+00:00,2024-12-13 19:00:00+00:00,619.94
308,2024-12-13 19:00:00+00:00,2024-12-13 20:00:00+00:00,601.4
309,2024-12-13 20:00:00+00:00,2024-12-13 21:00:00+00:00,604.08
310,2024-12-13 21:00:00+00:00,2024-12-13 22:00:00+00:00,556.74
311,2024-12-13 22:00:00+00:00,2024-12-13 23:00:00+00:00,516.27
312,2024-12-13 23:00:00+00:00,2024-12-14 00:00:00+00:00,439.73
313,2024-12-14 00:00:00+00:00,2024-12-14 01:00:00+00:00,429.13
314,2024-12-14 01:00:00+00:00,2024-12-14 02:00:00+00:00,424.0
315,2024-12-14 02:00:00+00:00,2024-12-14 03:00:00+00:00,421.21
316,2024-12-14 03:00:00+00:00,2024-12-14 04:00:00+00:00,418.29
317,2024-12-14 04:00:00+00:00,2024-12-14 05:00:00+00:00,353.63
318,2024-12-14 05:00:00+00:00,2024-12-14 06:00:00+00:00,363.06
319,2024-12-14 06:00:00+00:00,2024-12-14 07:00:00+00:00,427.73
320,2024-12-14 07:00:00+00:00,2024-12-14 08:00:00+00:00,445.32
321,2024-12-14 08:00:00+00:00,2024-12-14 09:00:00+00:00,453.48
322,2024-12-14 09:00:00+00:00,2024-12-14 10:00:00+00:00,453.83
323,2024-12-14 10:00:00+00:00,2024-12-14 11:00:00+00:00,439.73
324,2024-12-14 11:00:00+00:00,2024-12-14 12:00:00+00:00,430.88
325,2024-12-14 12:00:00+00:00,2024-12-14 13:00:00+00:00,420.39
326,2024-12-14 13:00:00+00:00,2024-12-14 14:00:00+00:00,409.55
327,2024-12-14 14:00:00+00:00,2024-12-14 15:00:00+00:00,401.28
328,2024-12-14 15:00:00+00:00,2024-12-14 16:00:00+00:00,418.29
329,2024-12-14 16:00:00+00:00,2024-12-14 17:00:00+00:00,426.1
330,2024-12-14 17:00:00+00:00,2024-12-14 18:00:00+00:00,408.74
331,2024-12-14 18:00:00+00:00,2024-12-14 19:00:00+00:00,395.11
332,2024-12-14 19:00:00+00:00,2024-12-14 20:00:00+00:00,367.84
333,2024-12-14 20:00:00+00:00,2024-12-14 21:00:00+00:00,349.78
334,2024-12-14 21:00:00+00:00,2024-12-14 22:00:00+00:00,348.15
335,2024-12-14 22:00:00+00:00,2024-12-14 23:00:00+00:00,345.0
336,2024-12-14 23:00:00+00:00,2024-12-15 00:00:00+00:00,336.79
337,2024-12-15 00:00:00+00:00,2024-12-15 01:00:00+00:00,355.31
338,2024-12-15 01:00:00+00:00,2024-12-15 02:00:00+00:00,351.8
339,2024-12-15 02:00:00+00:00,2024-12-15 03:00:00+00:00,353.91
340,2024-12-15 03:00:00+00:00,2024-12-15 04:00:00+00:00,374.42
341,2024-12-15 04:00:00+00:00,2024-12-15 05:00:00+00:00,387.79
342,2024-12-15 05:00:00+00:00,2024-12-15 06:00:00+00:00,400.8
343,2024-12-15 06:00:00+00:00,2024-12-15 07:00:00+00:00,437.14
344,2024-12-15 07:00:00+00:00,2024-12-15 08:00:00+00:00,467.38
345,2024-12-15 08:00:00+00:00,2024-12-15 09:00:00+00:00,477.7
346,2024-12-15 09:00:00+00:00,2024-12-15 10:00:00+00:00,469.14
347,2024-12-15 10:00:00+00:00,2024-12-15 11:00:00+00:00,441.36
348,2024-12-15 11:00:00+00:00,2024-12-15 12:00:00+00:00,429.4
349,2024-12-15 12:00:00+00:00,2024-12-15 13:00:00+00:00,420.61
350,2024-12-15 13:00:00+00:00,2024-12-15 14:00:00+00:00,403.96
351,2024-12-15 14:00:00+00:00,2024-12-15 15:00:00+00:00,385.21
352,2024-12-15 15:00:00+00:00,2024-12-15 16:00:00+00:00,377.94
353,2024-12-15 16:00:00+00:00,2024-12-15 17:00:00+00:00,355.78
354,2024-12-15 17:00:00+00:00,2024-12-15 18:00:00+00:00,328.12
355,2024-12-15 18:00:00+00:00,2024-12-15 19:00:00+00:00,288.96
356,2024-12-15 19:00:00+00:00,2024-12-15 20:00:00+00:00,225.66
357,2024-12-15 20:00:00+00:00,2024-12-15 21:00:00+00:00,169.04
358,2024-12-15 21:00:00+00:00,2024-12-15 22:00:00+00:00,120.04
359,2024-12-15 22:00:00+00:00,2024-12-15 23:00:00+00:00,28.13
360,2024-12-15 23:00:00+00:00,2024-12-16 00:00:00+00:00,15.36
361,2024-12-16 00:00:00+00:00,2024-12-16 01:00:00+00:00,4.57
362,2024-12-16 01:00:00+00:00,2024-12-16 02:00:00+00:00,3.17
363,2024-12-16 02:00:00+00:00,2024-12-16 03:00:00+00:00,3.28
364,2024-12-16 03:00:00+00:00,2024-12-16 04:00:00+00:00,6.33
365,2024-12-16 04:00:00+00:00,2024-12-16 05:00:00+00:00,25.56
366,2024-12-16 05:00:00+00:00,2024-12-16 06:00:00+00:00,189.79
367,2024-12-16 06:00:00+00:00,2024-12-16 07:00:00+00:00,335.15
368,2024-12-16 07:00:00+00:00,2024-12-16 08:00:00+00:00,357.19
369,2024-12-16 08:00:00+00:00,2024-12-16 09:00:00+00:00,357.42
370,2024-12-16 09:00:00+00:00,2024-12-16 10:00:00+00:00,358.36
371,2024-12-16 10:00:00+00:00,2024-12-16 11:00:00+00:00,353.56
372,2024-12-16 11:00:00+00:00,2024-12-16 12:00:00+00:00,348.63
373,2024-12-16 12:00:00+00:00,2024-12-16 13:00:00+00:00,344.88
374,2024-12-16 13:00:00+00:00,2024-12-16 14:00:00+00:00,351.56
375,2024-12-16 14:00:00+00:00,2024-12-16 15:00:00+00:00,368.68
376,2024-12-16 15:00:00+00:00,2024-12-16 16:00:00+00:00,377.35
377,2024-12-16 16:00:00+00:00,2024-12-16 17:00:00+00:00,364.81
378,2024-12-16 17:00:00+00:00,2024-12-16 18:00:00+00:00,359.07
379,2024-12-16 18:00:00+00:00,2024-12-16 19:00:00+00:00,337.73
380,2024-12-16 19:00:00+00:00,2024-12-16 20:00:00+00:00,328.7
381,2024-12-16 20:00:00+00:00,2024-12-16 21:00:00+00:00,300.8
382,2024-12-16 21:00:00+00:00,2024-12-16 22:00:00+00:00,284.63
383,2024-12-16 22:00:00+00:00,2024-12-16 23:00:00+00:00,195.89
384,2024-12-16 23:00:00+00:00,2024-12-17 00:00:00+00:00,228.24
385,2024-12-17 00:00:00+00:00,2024-12-17 01:00:00+00:00,238.33
386,2024-12-17 01:00:00+00:00,2024-12-17 02:00:00+00:00,231.29
387,2024-12-17 02:00:00+00:00,2024-12-17 03:00:00+00:00,251.71
388,2024-12-17 03:00:00+00:00,2024-12-17 04:00:00+00:00,261.92
389,2024-12-17 04:00:00+00:00,2024-12-17 05:00:00+00:00,307.69
390,2024-12-17 05:00:00+00:00,2024-12-17 06:00:00+00:00,363.31
391,2024-12-17 06:00:00+00:00,2024-12-17 07:00:00+00:00,418.58
392,2024-12-17 07:00:00+00:00,2024-12-17 08:00:00+00:00,477.72
393,2024-12-17 08:00:00+00:00,2024-12-17 09:00:00+00:00,484.06
394,2024-12-17 09:00:00+00:00,2024-12-17 10:00:00+00:00,484.88
395,2024-12-17 10:00:00+00:00,2024-12-17 11:00:00+00:00,476.55
396,2024-12-17 11:00:00+00:00,2024-12-17 12:00:00+00:00,462.7
397,2024-12-17 12:00:00+00:00,2024-12-17 13:00:00+00:00,488.87
398,2024-12-17 13:00:00+00:00,2024-12-17 14:00:00+00:00,646.7
399,2024-12-17 14:00:00+00:00,2024-12-17 15:00:00+00:00,796.55
400,2024-12-17 15:00:00+00:00,2024-12-17 16:00:00+00:00,731.31
401,2024-12-17 16:00:00+00:00,2024-12-17 17:00:00+00:00,1007.66
402,2024-12-17 17:00:00+00:00,2024-12-17 18:00:00+00:00,720.75
403,2024-12-17 18:00:00+00:00,2024-12-17 19:00:00+00:00,663.25
404,2024-12-17 19:00:00+00:00,2024-12-17 20:00:00+00:00,815.92
405,2024-12-17 20:00:00+00:00,2024-12-17 21:00:00+00:00,641.42
406,2024-12-17 21:00:00+00:00,2024-12-17 22:00:00+00:00,487.93
407,2024-12-17 22:00:00+00:00,2024-12-17 23:00:00+00:00,439.7
408,2024-12-17 23:00:00+00:00,2024-12-18 00:00:00+00:00,370.17
409,2024-12-18 00:00:00+00:00,2024-12-18 01:00:00+00:00,336.65
410,2024-12-18 01:00:00+00:00,2024-12-18 02:00:00+00:00,300.06
411,2024-12-18 02:00:00+00:00,2024-12-18 03:00:00+00:00,271.36
412,2024-12-18 03:00:00+00:00,2024-12-18 04:00:00+00:00,257.6
413,2024-12-18 04:00:00+00:00,2024-12-18 05:00:00+00:00,271.95
414,2024-12-18 05:00:00+00:00,2024-12-18 06:00:00+00:00,326.53
415,2024-12-18 06:00:00+00:00,2024-12-18 07:00:00+00:00,373.58
416,2024-12-18 07:00:00+00:00,2024-12-18 08:00:00+00:00,426.86
417,2024-12-18 08:00:00+00:00,2024-12-18 09:00:00+00:00,384.87
418,2024-12-18 09:00:00+00:00,2024-12-18 10:00:00+00:00,378.87
419,2024-12-18 10:00:00+00:00,2024-12-18 11:00:00+00:00,376.64
420,2024-12-18 11:00:00+00:00,2024-12-18 12:00:00+00:00,369.93
421,2024-12-18 12:00:00+00:00,2024-12-18 13:00:00+00:00,358.17
422,2024-12-18 13:00:00+00:00,2024-12-18 14:00:00+00:00,358.17
423,2024-12-18 14:00:00+00:00,2024-12-18 15:00:00+00:00,364.41
424,2024-12-18 15:00:00+00:00,2024-12-18 16:00:00+00:00,343.59
425,2024-12-18 16:00:00+00:00,2024-12-18 17:00:00+00:00,351.82
426,2024-12-18 17:00:00+00:00,2024-12-18 18:00:00+00:00,342.17
427,2024-12-18 18:00:00+00:00,2024-12-18 19:00:00+00:00,311.83
428,2024-12-18 19:00:00+00:00,2024-12-18 20:00:00+00:00,279.01
429,2024-12-18 20:00:00+00:00,2024-12-18 21:00:00+00:00,279.13
430,2024-12-18 21:00:00+00:00,2024-12-18 22:00:00+00:00,270.66
431,2024-12-18 22:00:00+00:00,2024-12-18 23:00:00+00:00,239.13
432,2024-12-18 23:00:00+00:00,2024-12-19 00:00:00+00:00,212.82
433,2024-12-19 00:00:00+00:00,2024-12-19 01:00:00+00:00,157.26
434,2024-12-19 01:00:00+00:00,2024-12-19 02:00:00+00:00,65.68
435,2024-12-19 02:00:00+00:00,2024-12-19 03:00:00+00:00,34.14
436,2024-12-19 03:00:00+00:00,2024-12-19 04:00:00+00:00,77.1
437,2024-12-19 04:00:00+00:00,2024-12-19 05:00:00+00:00,184.34
438,2024-12-19 05:00:00+00:00,2024-12-19 06:00:00+00:00,234.84
439,2024-12-19 06:00:00+00:00,2024-12-19 07:00:00+00:00,346.55
440,2024-12-19 07:00:00+00:00,2024-12-19 08:00:00+00:00,383.39
441,2024-12-19 08:00:00+00:00,2024-12-19 09:00:00+00:00,366.79
442,2024-12-19 09:00:00+00:00,2024-12-19 10:00:00+00:00,367.38
443,2024-12-19 10:00:00+00:00,2024-12-19 11:00:00+00:00,364.2
444,2024-12-19 11:00:00+00:00,2024-12-19 12:00:00+00:00,370.32
445,2024-12-19 12:00:00+00:00,2024-12-19 13:00:00+00:00,356.67
446,2024-12-19 13:00:00+00:00,2024-12-19 14:00:00+00:00,349.37
447,2024-12-19 14:00:00+00:00,2024-12-19 15:00:00+00:00,355.26
448,2024-12-19 15:00:00+00:00,2024-12-19 16:00:00+00:00,353.02
449,2024-12-19 16:00:00+00:00,2024-12-19 17:00:00+00:00,353.96
450,2024-12-19 17:00:00+00:00,2024-12-19 18:00:00+00:00,355.96
451,2024-12-19 18:00:00+00:00,2024-12-19 19:00:00+00:00,357.61
452,2024-12-19 19:00:00+00:00,2024-12-19 20:00:00+00:00,339.25
453,2024-12-19 20:00:00+00:00,2024-12-19 21:00:00+00:00,325.12
454,2024-12-19 21:00:00+00:00,2024-12-19 22:00:00+00:00,304.41
455,2024-12-19 22:00:00+00:00,2024-12-19 23:00:00+00:00,296.17
456,2024-12-19 23:00:00+00:00,2024-12-20 00:00:00+00:00,265.06
457,2024-12-20 00:00:00+00:00,2024-12-20 01:00:00+00:00,257.85
458,2024-12-20 01:00:00+00:00,2024-12-20 02:00:00+00:00,199.47
459,2024-12-20 02:00:00+00:00,2024-12-20 03:00:00+00:00,198.17
460,2024-12-20 03:00:00+00:00,2024-12-20 04:00:00+00:00,216.13
461,2024-12-20 04:00:00+00:00,2024-12-20 05:00:00+00:00,256.55
462,2024-12-20 05:00:00+00:00,2024-12-20 06:00:00+00:00,287.98
463,2024-12-20 06:00:00+00:00,2024-12-20 07:00:00+00:00,307.48
464,2024-12-20 07:00:00+00:00,2024-12-20 08:00:00+00:00,318.94
465,2024-12-20 08:00:00+00:00,2024-12-20 09:00:00+00:00,333.59
466,2024-12-20 09:00:00+00:00,2024-12-20 10:00:00+00:00,334.54
467,2024-12-20 10:00:00+00:00,2024-12-20 11:00:00+00:00,333.71
468,2024-12-20 11:00:00+00:00,2024-12-20 12:00:00+00:00,332.53
469,2024-12-20 12:00:00+00:00,2024-12-20 13:00:00+00:00,335.13
470,2024-12-20 13:00:00+00:00,2024-12-20 14:00:00+00:00,349.9
471,2024-12-20 14:00:00+00:00,2024-12-20 15:00:00+00:00,378.97
472,2024-12-20 15:00:00+00:00,2024-12-20 16:00:00+00:00,380.86
473,2024-12-20 16:00:00+00:00,2024-12-20 17:00:00+00:00,378.5
474,2024-12-20 17:00:00+00:00,2024-12-20 18:00:00+00:00,364.91
475,2024-12-20 18:00:00+00:00,2024-12-20 19:00:00+00:00,352.62
476,2024-12-20 19:00:00+00:00,2024-12-20 20:00:00+00:00,334.78
477,2024-12-20 20:00:00+00:00,2024-12-20 21:00:00+00:00,314.1
478,2024-12-20 21:00:00+00:00,2024-12-20 22:00:00+00:00,299.8
479,2024-12-20 22:00:00+00:00,2024-12-20 23:00:00+00:00,281.13
480,2024-12-20 23:00:00+00:00,2024-12-21 00:00:00+00:00,302.0
481,2024-12-21 00:00:00+00:00,2024-12-21 01:00:00+00:00,283.94
482,2024-12-21 01:00:00+00:00,2024-12-21 02:00:00+00:00,272.41
483,2024-12-21 02:00:00+00:00,2024-12-21 03:00:00+00:00,252.57
484,2024-12-21 03:00:00+00:00,2024-12-21 04:00:00+00:00,235.23
485,2024-12-21 04:00:00+00:00,2024-12-21 05:00:00+00:00,261.72
486,2024-12-21 05:00:00+00:00,2024-12-21 06:00:00+00:00,251.74
487,2024-12-21 06:00:00+00:00,2024-12-21 07:00:00+00:00,275.74
488,2024-12-21 07:00:00+00:00,2024-12-21 08:00:00+00:00,297.01
489,2024-12-21 08:00:00+00:00,2024-12-21 09:00:00+00:00,344.29
490,2024-12-21 09:00:00+00:00,2024-12-21 10:00:00+00:00,355.58
491,2024-12-21 10:00:00+00:00,2024-12-21 11:00:00+00:00,353.44
492,2024-12-21 11:00:00+00:00,2024-12-21 12:00:00+00:00,349.76
493,2024-12-21 12:00:00+00:00,2024-12-21 13:00:00+00:00,342.98
494,2024-12-21 13:00:00+00:00,2024-12-21 14:00:00+00:00,320.05
495,2024-12-21 14:00:00+00:00,2024-12-21 15:00:00+00:00,323.62
496,2024-12-21 15:00:00+00:00,2024-12-21 16:00:00+00:00,344.65
497,2024-12-21 16:00:00+00:00,2024-12-21 17:00:00+00:00,346.79
498,2024-12-21 17:00:00+00:00,2024-12-21 18:00:00+00:00,322.55
499,2024-12-21 18:00:00+00:00,2024-12-21 19:00:00+00:00,291.07
500,2024-12-21 19:00:00+00:00,2024-12-21 20:00:00+00:00,232.38
501,2024-12-21 20:00:00+00:00,2024-12-21 21:00:00+00:00,155.16
502,2024-12-21 21:00:00+00:00,2024-12-21 22:00:00+00:00,124.51
503,2024-12-21 22:00:00+00:00,2024-12-21 23:00:00+00:00,57.74
504,2024-12-21 23:00:00+00:00,2024-12-22 00:00:00+00:00,89.73
505,2024-12-22 00:00:00+00:00,2024-12-22 01:00:00+00:00,91.5
506,2024-12-22 01:00:00+00:00,2024-12-22 02:00:00+00:00,68.89
507,2024-12-22 02:00:00+00:00,2024-12-22 03:00:00+00:00,66.3
508,2024-12-22 03:00:00+00:00,2024-12-22 04:00:00+00:00,67.94
509,2024-12-22 04:00:00+00:00,2024-12-22 05:00:00+00:00,63.82
510,2024-12-22 05:00:00+00:00,2024-12-22 06:00:00+00:00,58.17
511,2024-12-22 06:00:00+00:00,2024-12-22 07:00:00+00:00,54.99
512,2024-12-22 07:00:00+00:00,2024-12-22 08:00:00+00:00,82.9
513,2024-12-22 08:00:00+00:00,2024-12-22 09:00:00+00:00,264.48
514,2024-12-22 09:00:00+00:00,2024-12-22 10:00:00+00:00,260.24
515,2024-12-22 10:00:00+00:00,2024-12-22 11:00:00+00:00,286.61
516,2024-12-22 11:00:00+00:00,2024-12-22 12:00:00+00:00,286.5
517,2024-12-22 12:00:00+00:00,2024-12-22 13:00:00+00:00,305.69
518,2024-12-22 13:00:00+00:00,2024-12-22 14:00:00+00:00,352.09
519,2024-12-22 14:00:00+00:00,2024-12-22 15:00:00+00:00,383.29
520,2024-12-22 15:00:00+00:00,2024-12-22 16:00:00+00:00,452.3
521,2024-12-22 16:00:00+00:00,2024-12-22 17:00:00+00:00,518.24
522,2024-12-22 17:00:00+00:00,2024-12-22 18:00:00+00:00,507.52
523,2024-12-22 18:00:00+00:00,2024-12-22 19:00:00+00:00,441.82
524,2024-12-22 19:00:00+00:00,2024-12-22 20:00:00+00:00,410.96
525,2024-12-22 20:00:00+00:00,2024-12-22 21:00:00+00:00,378.93
526,2024-12-22 21:00:00+00:00,2024-12-22 22:00:00+00:00,371.75
527,2024-12-22 22:00:00+00:00,2024-12-22 23:00:00+00:00,322.65
528,2024-12-22 23:00:00+00:00,2024-12-23 00:00:00+00:00,312.52
529,2024-12-23 00:00:00+00:00,2024-12-23 01:00:00+00:00,267.66
530,2024-12-23 01:00:00+00:00,2024-12-23 02:00:00+00:00,184.4
531,2024-12-23 02:00:00+00:00,2024-12-23 03:00:00+00:00,111.16
532,2024-12-23 03:00:00+00:00,2024-12-23 04:00:00+00:00,123.64
533,2024-12-23 04:00:00+00:00,2024-12-23 05:00:00+00:00,222.32
534,2024-12-23 05:00:00+00:00,2024-12-23 06:00:00+00:00,303.1
535,2024-12-23 06:00:00+00:00,2024-12-23 07:00:00+00:00,430.51
536,2024-12-23 07:00:00+00:00,2024-12-23 08:00:00+00:00,553.68
537,2024-12-23 08:00:00+00:00,2024-12-23 09:00:00+00:00,555.57
538,2024-12-23 09:00:00+00:00,2024-12-23 10:00:00+00:00,508.11
539,2024-12-23 10:00:00+00:00,2024-12-23 11:00:00+00:00,502.11
540,2024-12-23 11:00:00+00:00,2024-12-23 12:00:00+00:00,522.71
541,2024-12-23 12:00:00+00:00,2024-12-23 13:00:00+00:00,530.01
542,2024-12-23 13:00:00+00:00,2024-12-23 14:00:00+00:00,589.72
543,2024-12-23 14:00:00+00:00,2024-12-23 15:00:00+00:00,700.99
544,2024-12-23 15:00:00+00:00,2024-12-23 16:00:00+00:00,785.07
545,2024-12-23 16:00:00+00:00,2024-12-23 17:00:00+00:00,920.61
546,2024-12-23 17:00:00+00:00,2024-12-23 18:00:00+00:00,949.57
547,2024-12-23 18:00:00+00:00,2024-12-23 19:00:00+00:00,900.0
548,2024-12-23 19:00:00+00:00,2024-12-23 20:00:00+00:00,826.05
549,2024-12-23 20:00:00+00:00,2024-12-23 21:00:00+00:00,814.98
550,2024-12-23 21:00:00+00:00,2024-12-23 22:00:00+00:00,586.3
551,2024-12-23 22:00:00+00:00,2024-12-23 23:00:00+00:00,461.01
552,2024-12-23 23:00:00+00:00,2024-12-24 00:00:00+00:00,391.44
553,2024-12-24 00:00:00+00:00,2024-12-24 01:00:00+00:00,381.17
554,2024-12-24 01:00:00+00:00,2024-12-24 02:00:00+00:00,374.32
555,2024-12-24 02:00:00+00:00,2024-12-24 03:00:00+00:00,375.38
556,2024-12-24 03:00:00+00:00,2024-12-24 04:00:00+00:00,369.95
557,2024-12-24 04:00:00+00:00,2024-12-24 05:00:00+00:00,369.01
558,2024-12-24 05:00:00+00:00,2024-12-24 06:00:00+00:00,386.95
559,2024-12-24 06:00:00+00:00,2024-12-24 07:00:00+00:00,413.28
560,2024-12-24 07:00:00+00:00,2024-12-24 08:00:00+00:00,400.29
561,2024-12-24 08:00:00+00:00,2024-12-24 09:00:00+00:00,426.5
562,2024-12-24 09:00:00+00:00,2024-12-24 10:00:00+00:00,447.39
563,2024-12-24 10:00:00+00:00,2024-12-24 11:00:00+00:00,468.4
564,2024-12-24 11:00:00+00:00,2024-12-24 12:00:00+00:00,439.48
565,2024-12-24 12:00:00+00:00,2024-12-24 13:00:00+00:00,411.39
566,2024-12-24 13:00:00+00:00,2024-12-24 14:00:00+00:00,407.25
567,2024-12-24 14:00:00+00:00,2024-12-24 15:00:00+00:00,400.76
568,2024-12-24 15:00:00+00:00,2024-12-24 16:00:00+00:00,391.2
569,2024-12-24 16:00:00+00:00,2024-12-24 17:00:00+00:00,369.36
570,2024-12-24 17:00:00+00:00,2024-12-24 18:00:00+00:00,319.43
571,2024-12-24 18:00:00+00:00,2024-12-24 19:00:00+00:00,309.63
572,2024-12-24 19:00:00+00:00,2024-12-24 20:00:00+00:00,355.08
573,2024-12-24 20:00:00+00:00,2024-12-24 21:00:00+00:00,356.73
574,2024-12-24 21:00:00+00:00,2024-12-24 22:00:00+00:00,283.54
575,2024-12-24 22:00:00+00:00,2024-12-24 23:00:00+00:00,280.59
576,2024-12-24 23:00:00+00:00,2024-12-25 00:00:00+00:00,271.84
577,2024-12-25 00:00:00+00:00,2024-12-25 01:00:00+00:00,251.43
578,2024-12-25 01:00:00+00:00,2024-12-25 02:00:00+00:00,180.36
579,2024-12-25 02:00:00+00:00,2024-12-25 03:00:00+00:00,197.68
580,2024-12-25 03:00:00+00:00,2024-12-25 04:00:00+00:00,211.45
581,2024-12-25 04:00:00+00:00,2024-12-25 05:00:00+00:00,198.51
582,2024-12-25 05:00:00+00:00,2024-12-25 06:00:00+00:00,233.99
583,2024-12-25 06:00:00+00:00,2024-12-25 07:00:00+00:00,303.17
584,2024-12-25 07:00:00+00:00,2024-12-25 08:00:00+00:00,254.16
585,2024-12-25 08:00:00+00:00,2024-12-25 09:00:00+00:00,308.51
586,2024-12-25 09:00:00+00:00,2024-12-25 10:00:00+00:00,343.75
587,2024-12-25 10:00:00+00:00,2024-12-25 11:00:00+00:00,353.12
588,2024-12-25 11:00:00+00:00,2024-12-25 12:00:00+00:00,351.58
589,2024-12-25 12:00:00+00:00,2024-12-25 13:00:00+00:00,337.1
590,2024-12-25 13:00:00+00:00,2024-12-25 14:00:00+00:00,311.47
591,2024-12-25 14:00:00+00:00,2024-12-25 15:00:00+00:00,325.6
592,2024-12-25 15:00:00+00:00,2024-12-25 16:00:00+00:00,345.17
593,2024-12-25 16:00:00+00:00,2024-12-25 17:00:00+00:00,343.51
594,2024-12-25 17:00:00+00:00,2024-12-25 18:00:00+00:00,353.24
595,2024-12-25 18:00:00+00:00,2024-12-25 19:00:00+00:00,308.63
596,2024-12-25 19:00:00+00:00,2024-12-25 20:00:00+00:00,319.07
597,2024-12-25 20:00:00+00:00,2024-12-25 21:00:00+00:00,281.34
598,2024-12-25 21:00:00+00:00,2024-12-25 22:00:00+00:00,278.25
599,2024-12-25 22:00:00+00:00,2024-12-25 23:00:00+00:00,268.17
600,2024-12-25 23:00:00+00:00,2024-12-26 00:00:00+00:00,215.24
601,2024-12-26 00:00:00+00:00,2024-12-26 01:00:00+00:00,207.29
602,2024-12-26 01:00:00+00:00,2024-12-26 02:00:00+00:00,198.39
603,2024-12-26 02:00:00+00:00,2024-12-26 03:00:00+00:00,281.57
604,2024-12-26 03:00:00+00:00,2024-12-26 04:00:00+00:00,285.96
605,2024-12-26 04:00:00+00:00,2024-12-26 05:00:00+00:00,277.3
606,2024-12-26 05:00:00+00:00,2024-12-26 06:00:00+00:00,141.08
607,2024-12-26 06:00:00+00:00,2024-12-26 07:00:00+00:00,231.38
608,2024-12-26 07:00:00+00:00,2024-12-26 08:00:00+00:00,206.23
609,2024-12-26 08:00:00+00:00,2024-12-26 09:00:00+00:00,246.33
610,2024-12-26 09:00:00+00:00,2024-12-26 10:00:00+00:00,276.71
611,2024-12-26 10:00:00+00:00,2024-12-26 11:00:00+00:00,329.87
612,2024-12-26 11:00:00+00:00,2024-12-26 12:00:00+00:00,299.37
613,2024-12-26 12:00:00+00:00,2024-12-26 13:00:00+00:00,300.2
614,2024-12-26 13:00:00+00:00,2024-12-26 14:00:00+00:00,338.17
615,2024-12-26 14:00:00+00:00,2024-12-26 15:00:00+00:00,356.8
616,2024-12-26 15:00:00+00:00,2024-12-26 16:00:00+00:00,403.67
617,2024-12-26 16:00:00+00:00,2024-12-26 17:00:00+00:00,390.5
618,2024-12-26 17:00:00+00:00,2024-12-26 18:00:00+00:00,389.08
619,2024-12-26 18:00:00+00:00,2024-12-26 19:00:00+00:00,382.31
620,2024-12-26 19:00:00+00:00,2024-12-26 20:00:00+00:00,355.38
621,2024-12-26 20:00:00+00:00,2024-12-26 21:00:00+00:00,331.65
622,2024-12-26 21:00:00+00:00,2024-12-26 22:00:00+00:00,320.14
623,2024-12-26 22:00:00+00:00,2024-12-26 23:00:00+00:00,307.44
624,2024-12-26 23:00:00+00:00,2024-12-27 00:00:00+00:00,305.42
625,2024-12-27 00:00:00+00:00,2024-12-27 01:00:00+00:00,300.2
626,2024-12-27 01:00:00+00:00,2024-12-27 02:00:00+00:00,300.32
627,2024-12-27 02:00:00+00:00,2024-12-27 03:00:00+00:00,264.61
628,2024-12-27 03:00:00+00:00,2024-12-27 04:00:00+00:00,229.72
629,2024-12-27 04:00:00+00:00,2024-12-27 05:00:00+00:00,348.26
630,2024-12-27 05:00:00+00:00,2024-12-27 06:00:00+00:00,374.01
631,2024-12-27 06:00:00+00:00,2024-12-27 07:00:00+00:00,404.26
632,2024-12-27 07:00:00+00:00,2024-12-27 08:00:00+00:00,434.64
633,2024-12-27 08:00:00+00:00,2024-12-27 09:00:00+00:00,435.12
634,2024-12-27 09:00:00+00:00,2024-12-27 10:00:00+00:00,438.91
635,2024-12-27 10:00:00+00:00,2024-12-27 11:00:00+00:00,439.62
636,2024-12-27 11:00:00+00:00,2024-12-27 12:00:00+00:00,439.98
637,2024-12-27 12:00:00+00:00,2024-12-27 13:00:00+00:00,441.64
638,2024-12-27 13:00:00+00:00,2024-12-27 14:00:00+00:00,444.25
639,2024-12-27 14:00:00+00:00,2024-12-27 15:00:00+00:00,446.98
640,2024-12-27 15:00:00+00:00,2024-12-27 16:00:00+00:00,448.88
641,2024-12-27 16:00:00+00:00,2024-12-27 17:00:00+00:00,450.3
642,2024-12-27 17:00:00+00:00,2024-12-27 18:00:00+00:00,428.71
643,2024-12-27 18:00:00+00:00,2024-12-27 19:00:00+00:00,408.18
644,2024-12-27 19:00:00+00:00,2024-12-27 20:00:00+00:00,396.2
645,2024-12-27 20:00:00+00:00,2024-12-27 21:00:00+00:00,374.84
646,2024-12-27 21:00:00+00:00,2024-12-27 22:00:00+00:00,368.55
647,2024-12-27 22:00:00+00:00,2024-12-27 23:00:00+00:00,344.94
648,2024-12-27 23:00:00+00:00,2024-12-28 00:00:00+00:00,345.14
649,2024-12-28 00:00:00+00:00,2024-12-28 01:00:00+00:00,316.97
650,2024-12-28 01:00:00+00:00,2024-12-28 02:00:00+00:00,293.18
651,2024-12-28 02:00:00+00:00,2024-12-28 03:00:00+00:00,280.04
652,2024-12-28 03:00:00+00:00,2024-12-28 04:00:00+00:00,283.12
653,2024-12-28 04:00:00+00:00,2024-12-28 05:00:00+00:00,279.09
654,2024-12-28 05:00:00+00:00,2024-12-28 06:00:00+00:00,292.82
655,2024-12-28 06:00:00+00:00,2024-12-28 07:00:00+00:00,316.85
656,2024-12-28 07:00:00+00:00,2024-12-28 08:00:00+00:00,351.29
657,2024-12-28 08:00:00+00:00,2024-12-28 09:00:00+00:00,368.93
658,2024-12-28 09:00:00+00:00,2024-12-28 10:00:00+00:00,370.11
659,2024-12-28 10:00:00+00:00,2024-12-28 11:00:00+00:00,371.53
660,2024-12-28 11:00:00+00:00,2024-12-28 12:00:00+00:00,391.06
661,2024-12-28 12:00:00+00:00,2024-12-28 13:00:00+00:00,367.39
662,2024-12-28 13:00:00+00:00,2024-12-28 14:00:00+00:00,371.53
663,2024-12-28 14:00:00+00:00,2024-12-28 15:00:00+00:00,373.9
664,2024-12-28 15:00:00+00:00,2024-12-28 16:00:00+00:00,374.85
665,2024-12-28 16:00:00+00:00,2024-12-28 17:00:00+00:00,374.25
666,2024-12-28 17:00:00+00:00,2024-12-28 18:00:00+00:00,370.7
667,2024-12-28 18:00:00+00:00,2024-12-28 19:00:00+00:00,330.46
668,2024-12-28 19:00:00+00:00,2024-12-28 20:00:00+00:00,300.63
669,2024-12-28 20:00:00+00:00,2024-12-28 21:00:00+00:00,296.37
670,2024-12-28 21:00:00+00:00,2024-12-28 22:00:00+00:00,289.86
671,2024-12-28 22:00:00+00:00,2024-12-28 23:00:00+00:00,277.2
672,2024-12-28 23:00:00+00:00,2024-12-29 00:00:00+00:00,333.22
673,2024-12-29 00:00:00+00:00,2024-12-29 01:00:00+00:00,217.26
674,2024-12-29 01:00:00+00:00,2024-12-29 02:00:00+00:00,215.36
675,2024-12-29 02:00:00+00:00,2024-12-29 03:00:00+00:00,212.88
676,2024-12-29 03:00:00+00:00,2024-12-29 04:00:00+00:00,216.66
677,2024-12-29 04:00:00+00:00,2024-12-29 05:00:00+00:00,194.65
678,2024-12-29 05:00:00+00:00,2024-12-29 06:00:00+00:00,197.85
679,2024-12-29 06:00:00+00:00,2024-12-29 07:00:00+00:00,245.06
680,2024-12-29 07:00:00+00:00,2024-12-29 08:00:00+00:00,327.78
681,2024-12-29 08:00:00+00:00,2024-12-29 09:00:00+00:00,333.81
682,2024-12-29 09:00:00+00:00,2024-12-29 10:00:00+00:00,331.45
683,2024-12-29 10:00:00+00:00,2024-12-29 11:00:00+00:00,328.61
684,2024-12-29 11:00:00+00:00,2024-12-29 12:00:00+00:00,321.39
685,2024-12-29 12:00:00+00:00,2024-12-29 13:00:00+00:00,313.7
686,2024-12-29 13:00:00+00:00,2024-12-29 14:00:00+00:00,307.31
687,2024-12-29 14:00:00+00:00,2024-12-29 15:00:00+00:00,306.71
688,2024-12-29 15:00:00+00:00,2024-12-29 16:00:00+00:00,323.4
689,2024-12-29 16:00:00+00:00,2024-12-29 17:00:00+00:00,330.62
690,2024-12-29 17:00:00+00:00,2024-12-29 18:00:00+00:00,311.68
691,2024-12-29 18:00:00+00:00,2024-12-29 19:00:00+00:00,302.1
692,2024-12-29 19:00:00+00:00,2024-12-29 20:00:00+00:00,292.87
693,2024-12-29 20:00:00+00:00,2024-12-29 21:00:00+00:00,288.37
694,2024-12-29 21:00:00+00:00,2024-12-29 22:00:00+00:00,278.55
695,2024-12-29 22:00:00+00:00,2024-12-29 23:00:00+00:00,266.48
696,2024-12-29 23:00:00+00:00,2024-12-30 00:00:00+00:00,319.49
697,2024-12-30 00:00:00+00:00,2024-12-30 01:00:00+00:00,302.22
698,2024-12-30 01:00:00+00:00,2024-12-30 02:00:00+00:00,288.85
699,2024-12-30 02:00:00+00:00,2024-12-30 03:00:00+00:00,314.05
700,2024-12-30 03:00:00+00:00,2024-12-30 04:00:00+00:00,300.68
701,2024-12-30 04:00:00+00:00,2024-12-30 05:00:00+00:00,323.75
702,2024-12-30 05:00:00+00:00,2024-12-30 06:00:00+00:00,344.93
703,2024-12-30 06:00:00+00:00,2024-12-30 07:00:00+00:00,357.95
704,2024-12-30 07:00:00+00:00,2024-12-30 08:00:00+00:00,376.65
705,2024-12-30 08:00:00+00:00,2024-12-30 09:00:00+00:00,389.07
706,2024-12-30 09:00:00+00:00,2024-12-30 10:00:00+00:00,416.41
707,2024-12-30 10:00:00+00:00,2024-12-30 11:00:00+00:00,421.38
708,2024-12-30 11:00:00+00:00,2024-12-30 12:00:00+00:00,399.6
709,2024-12-30 12:00:00+00:00,2024-12-30 13:00:00+00:00,396.29
710,2024-12-30 13:00:00+00:00,2024-12-30 14:00:00+00:00,398.07
711,2024-12-30 14:00:00+00:00,2024-12-30 15:00:00+00:00,413.92
712,2024-12-30 15:00:00+00:00,2024-12-30 16:00:00+00:00,438.3
713,2024-12-30 16:00:00+00:00,2024-12-30 17:00:00+00:00,432.14
714,2024-12-30 17:00:00+00:00,2024-12-30 18:00:00+00:00,406.47
715,2024-12-30 18:00:00+00:00,2024-12-30 19:00:00+00:00,370.73
716,2024-12-30 19:00:00+00:00,2024-12-30 20:00:00+00:00,374.52
717,2024-12-30 20:00:00+00:00,2024-12-30 21:00:00+00:00,377.59
718,2024-12-30 21:00:00+00:00,2024-12-30 22:00:00+00:00,378.66
719,2024-12-30 22:00:00+00:00,2024-12-30 23:00:00+00:00,378.07
720,2024-12-30 23:00:00+00:00,2024-12-31 00:00:00+00:00,329.77
721,2024-12-31 00:00:00+00:00,2024-12-31 01:00:00+00:00,327.04
722,2024-12-31 01:00:00+00:00,2024-12-31 02:00:00+00:00,315.78
723,2024-12-31 02:00:00+00:00,2024-12-31 03:00:00+00:00,337.35
724,2024-12-31 03:00:00+00:00,2024-12-31 04:00:00+00:00,351.7
725,2024-12-31 04:00:00+00:00,2024-12-31 05:00:00+00:00,347.9
726,2024-12-31 05:00:00+00:00,2024-12-31 06:00:00+00:00,328.23
727,2024-12-31 06:00:00+00:00,2024-12-31 07:00:00+00:00,380.26
728,2024-12-31 07:00:00+00:00,2024-12-31 08:00:00+00:00,414.64
729,2024-12-31 08:00:00+00:00,2024-12-31 09:00:00+00:00,445.93
730,2024-12-31 09:00:00+00:00,2024-12-31 10:00:00+00:00,458.38
731,2024-12-31 10:00:00+00:00,2024-12-31 11:00:00+00:00,435.03
732,2024-12-31 11:00:00+00:00,2024-12-31 12:00:00+00:00,386.31
733,2024-12-31 12:00:00+00:00,2024-12-31 13:00:00+00:00,384.77
734,2024-12-31 13:00:00+00:00,2024-12-31 14:00:00+00:00,370.07
735,2024-12-31 14:00:00+00:00,2024-12-31 15:00:00+00:00,385.01
736,2024-12-31 15:00:00+00:00,2024-12-31 16:00:00+00:00,384.53
737,2024-12-31 16:00:00+00:00,2024-12-31 17:00:00+00:00,384.77
738,2024-12-31 17:00:00+00:00,2024-12-31 18:00:00+00:00,371.73
739,2024-12-31 18:00:00+00:00,2024-12-31 19:00:00+00:00,368.65
740,2024-12-31 19:00:00+00:00,2024-12-31 20:00:00+00:00,348.14
741,2024-12-31 20:00:00+00:00,2024-12-31 21:00:00+00:00,285.43
742,2024-12-31 21:00:00+00:00,2024-12-31 22:00:00+00:00,244.42
743,2024-12-31 22:00:00+00:00,2024-12-31 23:00:00+00:00,260.07
