dato,ukedag,maaned,sesong,pris_ore_kwh,temperatur,vindstyrke,nedbor,magasingrad,pris_forrige_dag,hoy_pris
2022-01-01,lørdag,1,vinter,127.0,-2.2,1.3,0.0,,,1
2022-01-02,søndag,1,vinter,114.3,-1.5,1.1,7.6,,127.0,1
2022-01-03,mandag,1,vinter,129.3,0.1,1.4,0.1,49.6,114.3,1
2022-01-04,tirsdag,1,vinter,147.5,0.3,1.7,0.6,49.6,129.3,1
2022-01-05,onsdag,1,vinter,133.0,-2.9,,0.0,49.6,147.5,1
2022-01-06,torsdag,1,vinter,186.6,-2.4,1.8,0.0,49.6,133.0,1
2022-01-07,fredag,1,vinter,159.1,,4.3,0.5,49.6,186.6,1
2022-01-08,lørdag,1,vinter,145.8,-3.6,3.2,8.2,49.6,159.1,1
2022-01-09,søndag,1,vinter,142.9,-2.6,4.7,0.7,49.6,145.8,1
2022-01-10,mandag,1,vinter,194.2,-1.1,2.3,0.0,46.3,142.9,1
2022-01-11,tirsdag,1,vinter,151.7,,2.6,0.9,46.3,194.2,1
2022-01-12,onsdag,1,vinter,137.5,1.3,1.6,2.9,46.3,151.7,1
2022-01-13,torsdag,1,vinter,126.5,1.1,2.7,0.0,46.3,137.5,1
2022-01-14,fredag,1,vinter,129.6,6.5,4.4,0.0,46.3,126.5,1
2022-01-15,lørdag,1,vinter,155.7,1.2,1.1,0.0,46.3,129.6,1
2022-01-16,søndag,1,vinter,127.6,-3.0,2.9,0.0,46.3,155.7,1
2022-01-17,mandag,1,vinter,131.8,1.2,3.7,0.3,43.0,127.6,1
2022-01-18,tirsdag,1,vinter,161.0,-0.9,1.0,0.0,43.0,131.8,1
2022-01-19,onsdag,1,vinter,134.8,-1.6,3.3,0.0,43.0,161.0,1
2022-01-20,torsdag,1,vinter,129.7,1.3,5.2,0.8,43.0,134.8,1
2022-01-21,fredag,1,vinter,138.6,-1.6,,0.0,43.0,129.7,1
2022-01-22,lørdag,1,vinter,139.5,0.3,1.1,0.0,43.0,138.6,1
2022-01-23,søndag,1,vinter,136.9,0.4,1.1,0.0,43.0,139.5,1
2022-01-24,mandag,1,vinter,136.4,-0.9,,0.0,40.2,136.9,1
2022-01-25,tirsdag,1,vinter,157.0,-0.9,1.3,0.0,40.2,136.4,1
2022-01-26,onsdag,1,vinter,130.5,-0.1,2.3,0.0,40.2,157.0,1
2022-01-27,torsdag,1,vinter,126.3,3.4,3.9,0.0,40.2,130.5,1
2022-01-28,fredag,1,vinter,136.3,4.5,2.6,0.0,40.2,126.3,1
2022-01-29,lørdag,1,vinter,107.9,1.6,3.7,1.1,40.2,136.3,1
2022-01-30,søndag,1,vinter,121.0,,5.2,0.0,40.2,107.9,1
2022-01-31,mandag,1,vinter,163.0,0.2,,0.0,36.5,121.0,1
2022-02-01,tirsdag,2,vinter,143.3,-4.6,2.0,0.0,36.5,163.0,1
2022-02-02,onsdag,2,vinter,134.3,,2.1,7.7,36.5,143.3,1
2022-02-03,torsdag,2,vinter,146.9,-6.6,2.1,0.0,36.5,134.3,1
2022-02-04,fredag,2,vinter,124.0,-3.2,2.2,7.3,36.5,146.9,1
2022-02-05,lørdag,2,vinter,116.3,-0.1,2.4,1.1,36.5,124.0,1
2022-02-06,søndag,2,vinter,112.1,1.6,,0.0,36.5,116.3,1
2022-02-07,mandag,2,vinter,122.6,,1.4,0.0,33.3,112.1,1
2022-02-08,tirsdag,2,vinter,123.8,2.4,2.2,0.0,33.3,122.6,1
2022-02-09,onsdag,2,vinter,121.4,2.4,,0.0,33.3,123.8,1
2022-02-10,torsdag,2,vinter,125.0,2.1,2.7,0.0,33.3,121.4,1
2022-02-11,fredag,2,vinter,128.8,-0.4,2.4,0.0,33.3,125.0,1
2022-02-12,lørdag,2,vinter,112.7,,3.8,0.0,33.3,128.8,1
2022-02-13,søndag,2,vinter,103.5,3.6,4.2,0.0,33.3,112.7,1
2022-02-14,mandag,2,vinter,109.4,4.5,3.6,10.3,30.5,103.5,1
2022-02-15,tirsdag,2,vinter,113.7,2.1,3.0,26.6,30.5,109.4,1
2022-02-16,onsdag,2,vinter,111.2,1.4,1.8,7.8,30.5,113.7,1
2022-02-17,torsdag,2,vinter,103.0,1.7,2.6,0.1,30.5,111.2,1
2022-02-18,fredag,2,vinter,111.4,0.1,2.7,0.0,30.5,103.0,1
2022-02-19,lørdag,2,vinter,103.1,1.2,2.1,0.0,30.5,111.4,1
2022-02-20,søndag,2,vinter,101.4,-1.8,2.1,0.0,30.5,103.1,1
2022-02-21,mandag,2,vinter,108.1,-0.5,5.0,1.4,26.7,101.4,1
2022-02-22,tirsdag,2,vinter,122.5,-0.7,2.2,0.2,26.7,108.1,1
2022-02-23,onsdag,2,vinter,110.2,-1.9,3.7,2.7,26.7,122.5,1
2022-02-24,torsdag,2,vinter,117.2,2.9,3.2,2.3,26.7,110.2,1
2022-02-25,fredag,2,vinter,124.3,0.6,2.2,0.0,26.7,117.2,1
2022-02-26,lørdag,2,vinter,140.3,,2.3,0.0,26.7,124.3,1
2022-02-27,søndag,2,vinter,137.7,1.5,3.2,0.0,26.7,140.3,1
2022-02-28,mandag,2,vinter,142.3,,3.4,0.0,22.5,137.7,1
2022-03-01,tirsdag,3,var,145.8,2.9,3.0,0.6,22.5,142.3,1
2022-03-02,onsdag,3,var,149.4,2.7,2.2,0.0,22.5,145.8,1
2022-03-03,torsdag,3,var,158.1,3.9,1.7,0.0,22.5,149.4,1
2022-03-04,fredag,3,var,199.5,0.7,1.4,0.0,22.5,158.1,1
2022-03-05,lørdag,3,var,183.0,-0.1,,0.0,22.5,199.5,1
2022-03-06,søndag,3,var,188.5,-0.2,1.5,0.0,22.5,183.0,1
2022-03-07,mandag,3,var,235.2,2.6,,0.0,19.0,188.5,1
2022-03-08,tirsdag,3,var,258.1,1.7,1.2,0.0,19.0,235.2,1
2022-03-09,onsdag,3,var,221.7,-0.8,1.5,0.0,19.0,258.1,1
2022-03-10,torsdag,3,var,211.5,,2.3,0.1,19.0,221.7,1
2022-03-11,fredag,3,var,187.9,1.6,1.9,0.2,19.0,211.5,1
2022-03-12,lørdag,3,var,177.2,0.8,2.7,0.0,19.0,187.9,1
2022-03-13,søndag,3,var,162.0,1.4,2.6,0.0,19.0,177.2,1
2022-03-14,mandag,3,var,197.1,,,0.0,16.0,162.0,1
2022-03-15,tirsdag,3,var,212.3,2.8,1.4,0.0,16.0,197.1,1
2022-03-16,onsdag,3,var,190.2,2.8,1.7,0.0,16.0,212.3,1
2022-03-17,torsdag,3,var,171.7,2.6,2.6,0.0,16.0,190.2,1
2022-03-18,fredag,3,var,178.1,2.3,2.3,2.4,16.0,171.7,1
2022-03-19,lørdag,3,var,163.3,,1.4,0.0,16.0,178.1,1
2022-03-20,søndag,3,var,159.1,3.8,1.6,0.0,16.0,163.3,1
2022-03-21,mandag,3,var,171.2,,1.8,0.0,13.3,159.1,1
2022-03-22,tirsdag,3,var,188.6,4.4,2.3,0.0,13.3,171.2,1
2022-03-23,onsdag,3,var,196.2,3.3,,0.0,13.3,188.6,1
2022-03-24,torsdag,3,var,181.6,4.5,1.1,0.0,13.3,196.2,1
2022-03-25,fredag,3,var,179.0,,3.1,0.0,13.3,181.6,1
2022-03-26,lørdag,3,var,173.6,9.6,3.3,0.0,13.3,179.0,1
2022-03-27,søndag,3,var,175.8,6.5,2.8,0.0,13.3,173.6,1
2022-03-28,mandag,3,var,177.0,9.0,4.9,0.0,11.4,175.8,1
2022-03-29,tirsdag,3,var,194.3,5.2,2.5,0.0,11.4,177.0,1
2022-03-30,onsdag,3,var,209.2,-0.3,,0.2,11.4,194.3,1
2022-03-31,torsdag,3,var,203.8,0.6,3.1,0.1,11.4,209.2,1
2022-04-01,fredag,4,var,180.8,,1.8,0.0,11.4,203.8,1
2022-04-02,lørdag,4,var,179.7,-0.1,,0.0,11.4,180.8,1
2022-04-03,søndag,4,var,177.6,2.5,2.5,0.0,11.4,179.7,1
2022-04-04,mandag,4,var,165.0,4.9,4.0,0.9,9.7,177.6,1
2022-04-05,tirsdag,4,var,173.4,0.4,,3.5,9.7,165.0,1
2022-04-06,onsdag,4,var,166.1,1.3,1.7,0.0,9.7,173.4,1
2022-04-07,torsdag,4,var,162.6,1.5,5.5,0.0,9.7,166.1,1
2022-04-08,fredag,4,var,162.2,2.2,5.4,0.0,9.7,162.6,1
2022-04-09,lørdag,4,var,157.8,,,0.0,9.7,162.2,1
2022-04-10,søndag,4,var,159.6,,3.8,0.0,9.7,157.8,1
2022-04-11,mandag,4,var,181.6,,2.8,0.3,8.1,159.6,1
2022-04-12,tirsdag,4,var,175.3,5.1,1.8,0.1,8.1,181.6,1
2022-04-13,onsdag,4,var,177.3,6.7,2.8,0.0,8.1,175.3,1
2022-04-14,torsdag,4,var,185.5,3.8,,4.8,8.1,177.3,1
2022-04-15,fredag,4,var,181.3,5.0,2.0,0.0,8.1,185.5,1
2022-04-16,lørdag,4,var,163.7,7.1,,0.0,8.1,181.3,1
2022-04-17,søndag,4,var,141.5,7.2,,0.0,8.1,163.7,1
2022-04-18,mandag,4,var,132.9,6.6,1.4,0.0,9.9,141.5,1
2022-04-19,tirsdag,4,var,189.0,6.3,1.9,0.0,9.9,132.9,1
2022-04-20,onsdag,4,var,181.3,,2.2,0.0,9.9,189.0,1
2022-04-21,torsdag,4,var,179.3,13.9,3.6,0.0,9.9,181.3,1
2022-04-22,fredag,4,var,167.7,13.4,4.7,0.0,9.9,179.3,1
2022-04-23,lørdag,4,var,151.8,14.0,4.2,0.0,9.9,167.7,1
2022-04-24,søndag,4,var,122.2,9.2,3.7,0.0,9.9,151.8,1
2022-04-25,mandag,4,var,197.1,7.6,3.0,0.0,12.0,122.2,1
2022-04-26,tirsdag,4,var,193.1,11.4,4.4,0.0,12.0,197.1,1
2022-04-27,onsdag,4,var,199.1,7.0,2.7,0.0,12.0,193.1,1
2022-04-28,torsdag,4,var,209.2,4.4,2.4,0.1,12.0,199.1,1
2022-04-29,fredag,4,var,210.5,8.4,2.4,0.0,12.0,209.2,1
2022-04-30,lørdag,4,var,192.0,9.1,2.3,0.0,12.0,210.5,1
2022-05-01,søndag,5,var,188.2,9.3,,0.0,12.0,192.0,1
2022-05-02,mandag,5,var,204.6,10.2,3.5,0.0,13.7,188.2,1
2022-05-03,tirsdag,5,var,212.6,9.7,2.7,0.0,13.7,204.6,1
2022-05-04,onsdag,5,var,220.2,,3.0,0.0,13.7,212.6,1
2022-05-05,torsdag,5,var,218.5,9.1,2.5,0.0,13.7,220.2,1
2022-05-06,fredag,5,var,211.8,11.8,2.6,0.0,13.7,218.5,1
2022-05-07,lørdag,5,var,194.3,12.8,3.4,0.9,13.7,211.8,1
2022-05-08,søndag,5,var,181.2,9.9,2.3,0.0,13.7,194.3,1
2022-05-09,mandag,5,var,201.0,,3.4,0.0,17.5,181.2,1
2022-05-10,tirsdag,5,var,189.0,11.9,3.9,0.3,17.5,201.0,1
2022-05-11,onsdag,5,var,177.5,9.0,3.2,2.8,17.5,189.0,1
2022-05-12,torsdag,5,var,160.2,9.8,4.2,0.4,17.5,177.5,1
2022-05-13,fredag,5,var,146.5,,3.2,0.0,17.5,160.2,1
2022-05-14,lørdag,5,var,140.7,10.6,4.0,1.2,17.5,146.5,1
2022-05-15,søndag,5,var,144.8,11.7,2.8,0.0,17.5,140.7,1
2022-05-16,mandag,5,var,180.6,12.6,3.3,0.0,22.7,144.8,1
2022-05-17,tirsdag,5,var,183.4,11.6,2.7,0.0,22.7,180.6,1
2022-05-18,onsdag,5,var,182.6,11.6,,0.0,22.7,183.4,1
2022-05-19,torsdag,5,var,195.4,11.7,1.5,1.8,22.7,182.6,1
2022-05-20,fredag,5,var,187.8,13.4,2.9,0.0,22.7,195.4,1
2022-05-21,lørdag,5,var,136.0,14.6,1.9,6.1,22.7,187.8,1
2022-05-22,søndag,5,var,163.6,10.4,2.1,2.0,22.7,136.0,1
2022-05-23,mandag,5,var,178.0,13.2,3.2,0.0,33.3,163.6,1
2022-05-24,tirsdag,5,var,132.0,14.2,3.1,0.0,33.3,178.0,1
2022-05-25,onsdag,5,var,157.3,12.4,3.9,6.5,33.3,132.0,1
2022-05-26,torsdag,5,var,53.7,,2.8,19.1,33.3,157.3,0
2022-05-27,fredag,5,var,48.3,11.5,3.3,1.8,33.3,53.7,0
2022-05-28,lørdag,5,var,34.6,11.0,5.0,0.5,33.3,48.3,0
2022-05-29,søndag,5,var,143.0,,2.5,0.0,33.3,34.6,1
2022-05-30,mandag,5,var,172.1,10.7,2.6,2.6,41.8,143.0,1
2022-05-31,tirsdag,5,var,173.3,12.4,,4.6,41.8,172.1,1
2022-06-01,onsdag,6,sommer,175.9,14.1,,0.0,41.8,173.3,1
2022-06-02,torsdag,6,sommer,162.4,12.6,2.1,0.5,41.8,175.9,1
2022-06-03,fredag,6,sommer,160.9,12.3,1.9,0.2,41.8,162.4,1
2022-06-04,lørdag,6,sommer,151.2,13.3,2.4,5.4,41.8,160.9,1
2022-06-05,søndag,6,sommer,136.5,15.7,1.8,0.0,41.8,151.2,1
2022-06-06,mandag,6,sommer,80.4,17.3,,0.0,49.1,136.5,0
2022-06-07,tirsdag,6,sommer,161.6,19.0,,0.1,49.1,80.4,1
2022-06-08,onsdag,6,sommer,144.9,15.9,1.6,14.2,49.1,161.6,1
2022-06-09,torsdag,6,sommer,157.6,14.5,1.8,4.6,49.1,144.9,1
2022-06-10,fredag,6,sommer,142.6,15.1,3.1,0.0,49.1,157.6,1
2022-06-11,lørdag,6,sommer,108.3,15.6,3.1,0.0,49.1,142.6,1
2022-06-12,søndag,6,sommer,88.5,14.0,,9.3,49.1,108.3,1
2022-06-13,mandag,6,sommer,137.3,14.2,2.3,0.0,53.6,88.5,1
2022-06-14,tirsdag,6,sommer,149.0,,2.1,1.1,53.6,137.3,1
2022-06-15,onsdag,6,sommer,158.4,18.0,2.1,0.0,53.6,149.0,1
2022-06-16,torsdag,6,sommer,169.0,17.1,1.6,0.0,53.6,158.4,1
2022-06-17,fredag,6,sommer,174.8,16.5,2.9,3.8,53.6,169.0,1
2022-06-18,lørdag,6,sommer,145.9,,,7.6,53.6,174.8,1
2022-06-19,søndag,6,sommer,133.1,14.9,,0.1,53.6,145.9,1
2022-06-20,mandag,6,sommer,173.6,14.7,2.6,0.0,57.3,133.1,1
2022-06-21,tirsdag,6,sommer,169.4,,1.8,0.0,57.3,173.6,1
2022-06-22,onsdag,6,sommer,172.5,17.1,2.8,0.2,57.3,169.4,1
2022-06-23,torsdag,6,sommer,156.2,17.7,3.5,0.0,57.3,172.5,1
2022-06-24,fredag,6,sommer,149.0,18.9,2.2,0.0,57.3,156.2,1
2022-06-25,lørdag,6,sommer,155.7,21.5,2.5,0.2,57.3,149.0,1
2022-06-26,søndag,6,sommer,139.7,22.5,1.8,2.4,57.3,155.7,1
2022-06-27,mandag,6,sommer,164.7,18.9,,10.8,65.1,139.7,1
2022-06-28,tirsdag,6,sommer,155.4,18.7,2.7,25.6,65.1,164.7,1
2022-06-29,onsdag,6,sommer,159.2,17.2,,2.3,65.1,155.4,1
2022-06-30,torsdag,6,sommer,170.7,18.3,1.9,0.6,65.1,159.2,1
2022-07-01,fredag,7,sommer,175.0,,2.5,0.1,65.1,170.7,1
2022-07-02,lørdag,7,sommer,157.7,20.0,,28.8,65.1,175.0,1
2022-07-03,søndag,7,sommer,150.1,17.5,3.7,0.4,65.1,157.7,1
2022-07-04,mandag,7,sommer,164.5,15.7,3.3,3.6,66.9,150.1,1
2022-07-05,tirsdag,7,sommer,166.2,15.1,2.9,0.8,66.9,164.5,1
2022-07-06,onsdag,7,sommer,167.1,16.1,2.8,0.1,66.9,166.2,1
2022-07-07,torsdag,7,sommer,166.4,15.0,,10.4,66.9,167.1,1
2022-07-08,fredag,7,sommer,165.8,18.2,3.3,0.1,66.9,166.4,1
2022-07-09,lørdag,7,sommer,109.1,18.0,4.0,0.0,66.9,165.8,1
2022-07-10,søndag,7,sommer,84.0,,,0.0,66.9,109.1,0
2022-07-11,mandag,7,sommer,179.4,17.3,2.3,0.1,66.6,84.0,1
2022-07-12,tirsdag,7,sommer,187.7,17.3,,0.0,66.6,179.4,1
2022-07-13,onsdag,7,sommer,179.9,18.7,,0.0,66.6,187.7,1
2022-07-14,torsdag,7,sommer,172.0,16.7,2.7,2.2,66.6,179.9,1
2022-07-15,fredag,7,sommer,163.2,15.0,,0.0,66.6,172.0,1
2022-07-16,lørdag,7,sommer,111.6,16.0,2.4,0.5,66.6,163.2,1
2022-07-17,søndag,7,sommer,153.0,16.7,2.5,0.0,66.6,111.6,1
2022-07-18,mandag,7,sommer,163.2,16.7,1.8,1.2,66.9,153.0,1
2022-07-19,tirsdag,7,sommer,163.7,17.7,2.2,0.0,66.9,163.2,1
2022-07-20,onsdag,7,sommer,165.0,19.8,2.5,0.0,66.9,163.7,1
2022-07-21,torsdag,7,sommer,192.8,,,0.1,66.9,165.0,1
2022-07-22,fredag,7,sommer,177.2,21.7,3.7,0.0,66.9,192.8,1
2022-07-23,lørdag,7,sommer,169.0,14.9,2.3,6.6,66.9,177.2,1
2022-07-24,søndag,7,sommer,150.6,17.6,,0.0,66.9,169.0,1
2022-07-25,mandag,7,sommer,171.0,,4.0,1.9,67.4,150.6,1
2022-07-26,tirsdag,7,sommer,153.1,,,1.1,67.4,171.0,1
2022-07-27,onsdag,7,sommer,170.9,17.9,2.9,0.0,67.4,153.1,1
2022-07-28,torsdag,7,sommer,203.4,,2.7,0.0,67.4,170.9,1
2022-07-29,fredag,7,sommer,209.1,17.3,2.6,0.5,67.4,203.4,1
2022-07-30,lørdag,7,sommer,209.6,18.0,2.9,0.0,67.4,209.1,1
2022-07-31,søndag,7,sommer,212.8,18.5,2.3,0.0,67.4,209.6,1
2022-08-01,mandag,8,sommer,219.0,17.2,2.2,9.4,68.5,212.8,1
2022-08-02,tirsdag,8,sommer,234.1,16.3,2.7,0.8,68.5,219.0,1
2022-08-03,onsdag,8,sommer,234.0,14.9,,15.0,68.5,234.1,1
2022-08-04,torsdag,8,sommer,239.6,17.6,2.4,0.0,68.5,234.0,1
2022-08-05,fredag,8,sommer,236.0,16.1,2.3,1.7,68.5,239.6,1
2022-08-06,lørdag,8,sommer,210.7,16.3,2.6,0.0,68.5,236.0,1
2022-08-07,søndag,8,sommer,211.7,15.2,1.8,0.0,68.5,210.7,1
2022-08-08,mandag,8,sommer,272.5,15.7,2.2,0.0,67.7,211.7,1
2022-08-09,tirsdag,8,sommer,267.7,16.8,2.3,0.0,67.7,272.5,1
2022-08-10,onsdag,8,sommer,260.8,16.9,2.7,0.0,67.7,267.7,1
2022-08-11,torsdag,8,sommer,252.9,,,0.0,67.7,260.8,1
2022-08-12,fredag,8,sommer,274.3,20.0,,0.0,67.7,252.9,1
2022-08-13,lørdag,8,sommer,254.5,20.4,1.8,0.1,67.7,274.3,1
2022-08-14,søndag,8,sommer,254.5,19.3,2.0,0.0,67.7,254.5,1
2022-08-15,mandag,8,sommer,277.4,22.4,2.7,0.0,68.6,254.5,1
2022-08-16,tirsdag,8,sommer,314.6,21.7,2.4,27.6,68.6,277.4,1
2022-08-17,onsdag,8,sommer,297.7,19.7,3.0,23.7,68.6,314.6,1
2022-08-18,torsdag,8,sommer,337.6,18.9,2.1,0.2,68.6,297.7,1
2022-08-19,fredag,8,sommer,368.6,17.0,1.9,1.8,68.6,337.6,1
2022-08-20,lørdag,8,sommer,357.7,17.9,2.6,0.0,68.6,368.6,1
2022-08-21,søndag,8,sommer,316.6,17.7,2.6,0.0,68.6,357.7,1
2022-08-22,mandag,8,sommer,385.5,13.3,2.0,2.8,67.8,316.6,1
2022-08-23,tirsdag,8,sommer,432.3,14.8,1.9,0.0,67.8,385.5,1
2022-08-24,onsdag,8,sommer,436.1,15.5,1.4,0.0,67.8,432.3,1
2022-08-25,torsdag,8,sommer,459.3,17.6,2.1,0.0,67.8,436.1,1
2022-08-26,fredag,8,sommer,474.0,,2.3,0.0,67.8,459.3,1
2022-08-27,lørdag,8,sommer,495.4,17.6,1.5,2.4,67.8,474.0,1
2022-08-28,søndag,8,sommer,468.4,18.0,2.9,0.0,67.8,495.4,1
2022-08-29,mandag,8,sommer,583.3,15.9,3.2,0.0,67.1,468.4,1
2022-08-30,tirsdag,8,sommer,643.9,14.6,2.9,0.0,67.1,583.3,1
2022-08-31,onsdag,8,sommer,599.5,12.6,,0.0,67.1,643.9,1
2022-09-01,torsdag,9,host,571.2,14.5,,0.0,67.1,599.5,1
2022-09-02,fredag,9,host,433.7,,1.7,0.0,67.1,571.2,1
2022-09-03,lørdag,9,host,383.9,13.6,2.0,2.6,67.1,433.7,1
2022-09-04,søndag,9,host,309.4,12.5,2.0,1.8,67.1,383.9,1
2022-09-05,mandag,9,host,387.7,12.1,1.9,0.0,66.3,309.4,1
2022-09-06,tirsdag,9,host,407.3,13.7,2.0,0.1,66.3,387.7,1
2022-09-07,onsdag,9,host,453.3,14.2,1.9,0.0,66.3,407.3,1
2022-09-08,torsdag,9,host,437.5,15.3,2.9,0.0,66.3,453.3,1
2022-09-09,fredag,9,host,347.4,13.1,4.0,0.0,66.3,437.5,1
2022-09-10,lørdag,9,host,409.7,13.0,2.6,0.0,66.3,347.4,1
2022-09-11,søndag,9,host,402.9,12.1,,0.0,66.3,409.7,1
2022-09-12,mandag,9,host,407.5,14.0,2.3,0.0,68.5,402.9,1
2022-09-13,tirsdag,9,host,383.3,14.2,2.7,25.6,68.5,407.5,1
2022-09-14,onsdag,9,host,427.7,12.0,1.6,0.3,68.5,383.3,1
2022-09-15,torsdag,9,host,365.5,11.8,2.1,0.4,68.5,427.7,1
2022-09-16,fredag,9,host,323.9,13.7,4.1,0.1,68.5,365.5,1
2022-09-17,lørdag,9,host,261.7,,2.8,0.0,68.5,323.9,1
2022-09-18,søndag,9,host,114.6,13.0,4.0,0.0,68.5,261.7,1
2022-09-19,mandag,9,host,281.6,12.3,4.6,0.0,68.8,114.6,1
2022-09-20,tirsdag,9,host,378.3,10.4,2.1,0.0,68.8,281.6,1
2022-09-21,onsdag,9,host,387.8,8.6,1.6,0.0,68.8,378.3,1
2022-09-22,torsdag,9,host,379.2,9.9,1.8,0.0,68.8,387.8,1
2022-09-23,fredag,9,host,359.9,12.3,2.6,2.0,68.8,379.2,1
2022-09-24,lørdag,9,host,350.2,11.1,1.8,15.7,68.8,359.9,1
2022-09-25,søndag,9,host,299.5,9.7,2.3,0.0,68.8,350.2,1
2022-09-26,mandag,9,host,257.8,10.8,3.0,3.6,76.1,299.5,1
2022-09-27,tirsdag,9,host,306.8,10.3,,10.9,76.1,257.8,1
2022-09-28,onsdag,9,host,311.6,11.2,4.7,0.1,76.1,306.8,1
2022-09-29,torsdag,9,host,345.5,11.0,3.7,0.0,76.1,311.6,1
2022-09-30,fredag,9,host,292.8,8.0,1.6,0.0,76.1,345.5,1
2022-10-01,lørdag,10,host,91.1,10.1,2.5,1.2,76.1,292.8,1
2022-10-02,søndag,10,host,176.6,10.1,2.0,4.1,76.1,91.1,1
2022-10-03,mandag,10,host,232.2,8.7,1.6,0.3,79.3,176.6,1
2022-10-04,tirsdag,10,host,203.9,9.1,2.4,0.1,79.3,232.2,1
2022-10-05,onsdag,10,host,52.9,11.7,3.2,0.2,79.3,203.9,0
2022-10-06,torsdag,10,host,23.1,11.8,3.9,5.8,79.3,52.9,0
2022-10-07,fredag,10,host,28.6,11.1,4.1,0.1,79.3,23.1,0
2022-10-08,lørdag,10,host,50.2,10.3,2.2,0.6,79.3,28.6,0
2022-10-09,søndag,10,host,92.8,8.0,3.2,0.0,79.3,50.2,1
2022-10-10,mandag,10,host,134.1,11.3,4.0,0.0,81.0,92.8,1
2022-10-11,tirsdag,10,host,172.1,,2.8,1.3,81.0,134.1,1
2022-10-12,onsdag,10,host,188.3,6.1,2.1,0.0,81.0,172.1,1
2022-10-13,torsdag,10,host,230.0,,2.7,3.5,81.0,188.3,1
2022-10-14,fredag,10,host,216.8,10.1,2.8,14.4,81.0,230.0,1
2022-10-15,lørdag,10,host,159.6,9.5,3.0,6.6,81.0,216.8,1
2022-10-16,søndag,10,host,110.6,8.8,1.9,8.0,81.0,159.6,1
2022-10-17,mandag,10,host,145.8,5.9,2.1,8.1,81.3,110.6,1
2022-10-18,tirsdag,10,host,164.4,,2.4,5.3,81.3,145.8,1
2022-10-19,onsdag,10,host,159.8,,,0.0,81.3,164.4,1
2022-10-20,torsdag,10,host,142.0,3.3,1.4,0.0,81.3,159.8,1
2022-10-21,fredag,10,host,157.4,4.4,3.6,0.0,81.3,142.0,1
2022-10-22,lørdag,10,host,143.5,4.5,1.5,0.0,81.3,157.4,1
2022-10-23,søndag,10,host,102.8,3.9,,0.0,81.3,143.5,1
2022-10-24,mandag,10,host,89.1,4.6,4.9,0.1,81.9,102.8,1
2022-10-25,tirsdag,10,host,109.0,7.4,2.9,10.6,81.9,89.1,1
2022-10-26,onsdag,10,host,121.5,6.5,1.4,1.3,81.9,109.0,1
2022-10-27,torsdag,10,host,116.2,,1.1,1.6,81.9,121.5,1
2022-10-28,fredag,10,host,102.5,,1.5,0.3,81.9,116.2,1
2022-10-29,lørdag,10,host,101.3,11.0,2.1,8.2,81.9,102.5,1
2022-10-30,søndag,10,host,116.9,7.8,1.2,0.0,81.9,101.3,1
2022-10-31,mandag,10,host,144.0,7.2,1.1,1.2,85.1,116.9,1
2022-11-01,tirsdag,11,host,71.6,9.3,2.5,0.1,85.1,144.0,0
2022-11-02,onsdag,11,host,71.5,10.6,2.9,7.0,85.1,71.6,0
2022-11-03,torsdag,11,host,87.4,8.4,,5.5,85.1,71.5,1
2022-11-04,fredag,11,host,71.6,9.8,3.2,6.4,85.1,87.4,0
2022-11-05,lørdag,11,host,46.1,9.0,2.4,6.4,85.1,71.6,0
2022-11-06,søndag,11,host,35.6,6.8,1.7,6.1,85.1,46.1,0
2022-11-07,mandag,11,host,43.9,7.5,2.5,13.9,88.9,35.6,0
2022-11-08,tirsdag,11,host,51.3,,2.2,6.7,88.9,43.9,0
2022-11-09,onsdag,11,host,42.8,,2.1,10.1,88.9,51.3,0
2022-11-10,torsdag,11,host,27.5,8.6,1.9,0.6,88.9,42.8,0
2022-11-11,fredag,11,host,2.0,9.7,4.2,1.6,88.9,27.5,0
2022-11-12,lørdag,11,host,2.4,12.2,,0.0,88.9,2.0,0
2022-11-13,søndag,11,host,26.6,8.7,1.0,0.0,88.9,2.4,0
2022-11-14,mandag,11,host,54.0,7.2,,0.0,87.1,26.6,0
2022-11-15,tirsdag,11,host,51.8,5.9,4.3,0.0,87.1,54.0,0
2022-11-16,onsdag,11,host,27.7,3.9,4.6,0.0,87.1,51.8,0
2022-11-17,torsdag,11,host,48.9,2.1,,0.2,87.1,27.7,0
2022-11-18,fredag,11,host,112.4,1.1,,0.0,87.1,48.9,1
2022-11-19,lørdag,11,host,167.3,0.5,5.0,0.0,87.1,112.4,1
2022-11-20,søndag,11,host,162.2,-1.6,5.8,0.0,87.1,167.3,1
2022-11-21,mandag,11,host,208.8,-1.0,6.9,0.3,84.3,162.2,1
2022-11-22,tirsdag,11,host,174.2,-0.7,4.2,1.3,84.3,208.8,1
2022-11-23,onsdag,11,host,150.5,0.4,,2.4,84.3,174.2,1
2022-11-24,torsdag,11,host,173.3,1.4,,3.7,84.3,150.5,1
2022-11-25,fredag,11,host,200.5,2.0,3.3,3.0,84.3,173.3,1
2022-11-26,lørdag,11,host,196.8,2.5,2.9,0.3,84.3,200.5,1
2022-11-27,søndag,11,host,145.6,3.2,,6.1,84.3,196.8,1
2022-11-28,mandag,11,host,194.7,4.4,3.7,1.1,80.8,145.6,1
2022-11-29,tirsdag,11,host,359.7,,3.4,0.3,80.8,194.7,1
2022-11-30,onsdag,11,host,365.7,,1.6,0.3,80.8,359.7,1
2022-12-01,torsdag,12,vinter,351.8,,2.3,0.0,80.8,365.7,1
2022-12-02,fredag,12,vinter,325.8,,2.7,0.0,80.8,351.8,1
2022-12-03,lørdag,12,vinter,268.6,1.6,3.5,0.0,80.8,325.8,1
2022-12-04,søndag,12,vinter,270.5,-0.1,2.2,0.0,80.8,268.6,1
2022-12-05,mandag,12,vinter,289.7,-1.9,,0.0,75.8,270.5,1
2022-12-06,tirsdag,12,vinter,344.8,,,0.0,75.8,289.7,1
2022-12-07,onsdag,12,vinter,330.3,-2.8,1.6,0.1,75.8,344.8,1
2022-12-08,torsdag,12,vinter,394.5,-6.3,3.5,0.0,75.8,330.3,1
2022-12-09,fredag,12,vinter,418.5,-5.1,3.4,0.5,75.8,394.5,1
2022-12-10,lørdag,12,vinter,361.2,-5.8,2.3,0.0,75.8,418.5,1
2022-12-11,søndag,12,vinter,337.1,-7.9,2.5,0.0,75.8,361.2,1
2022-12-12,mandag,12,vinter,444.2,-8.3,,0.2,70.6,337.1,1
2022-12-13,tirsdag,12,vinter,458.0,-7.5,1.8,0.0,70.6,444.2,1
2022-12-14,onsdag,12,vinter,455.3,,1.6,4.2,70.6,458.0,1
2022-12-15,torsdag,12,vinter,399.9,-11.7,1.0,0.0,70.6,455.3,1
2022-12-16,fredag,12,vinter,412.4,-10.9,1.0,0.0,70.6,399.9,1
2022-12-17,lørdag,12,vinter,252.2,-7.9,1.4,2.4,70.6,412.4,1
2022-12-18,søndag,12,vinter,206.3,-3.3,1.6,3.0,70.6,252.2,1
2022-12-19,mandag,12,vinter,211.3,-2.1,2.0,0.4,67.5,206.3,1
2022-12-20,tirsdag,12,vinter,204.9,-1.0,1.6,3.9,67.5,211.3,1
2022-12-21,onsdag,12,vinter,223.4,,1.2,7.4,67.5,204.9,1
2022-12-22,torsdag,12,vinter,203.5,1.0,2.1,8.1,67.5,223.4,1
2022-12-23,fredag,12,vinter,193.9,,1.4,4.8,67.5,203.5,1
2022-12-24,lørdag,12,vinter,141.6,-7.3,1.4,0.0,67.5,193.9,1
2022-12-25,søndag,12,vinter,129.1,-10.9,,0.0,67.5,141.6,1
2022-12-26,mandag,12,vinter,111.5,-1.9,2.1,12.8,65.2,129.1,1
2022-12-27,tirsdag,12,vinter,141.0,1.7,1.5,19.6,65.2,111.5,1
2022-12-28,onsdag,12,vinter,121.6,-3.1,4.2,0.0,65.2,141.0,1
2022-12-29,torsdag,12,vinter,96.6,-3.2,3.0,3.3,65.2,121.6,1
2022-12-30,fredag,12,vinter,99.5,1.7,2.6,7.6,65.2,96.6,1
2022-12-31,lørdag,12,vinter,116.7,3.1,3.6,7.2,65.2,99.5,1
2023-01-01,søndag,1,vinter,112.5,1.1,2.5,0.0,65.2,116.7,1
2023-01-02,mandag,1,vinter,149.1,-2.7,,0.6,62.2,112.5,1
2023-01-03,tirsdag,1,vinter,154.6,-5.8,1.3,0.0,62.2,149.1,1
2023-01-04,onsdag,1,vinter,114.7,-7.9,7.1,0.9,62.2,154.6,1
2023-01-05,torsdag,1,vinter,141.6,,,19.8,62.2,114.7,1
2023-01-06,fredag,1,vinter,126.4,,4.3,2.9,62.2,141.6,1
2023-01-07,lørdag,1,vinter,101.9,,2.1,7.0,62.2,126.4,1
2023-01-08,søndag,1,vinter,76.9,,2.3,9.1,62.2,101.9,0
2023-01-09,mandag,1,vinter,135.2,4.4,2.4,11.2,60.0,76.9,1
2023-01-10,tirsdag,1,vinter,132.9,,1.5,4.6,60.0,135.2,1
2023-01-11,onsdag,1,vinter,96.1,1.3,3.1,7.7,60.0,132.9,1
2023-01-12,torsdag,1,vinter,89.4,3.7,2.0,0.8,60.0,96.1,1
2023-01-13,fredag,1,vinter,82.9,,2.5,6.6,60.0,89.4,0
2023-01-14,lørdag,1,vinter,94.9,2.5,1.6,6.2,60.0,82.9,1
2023-01-15,søndag,1,vinter,70.7,0.8,2.4,9.4,60.0,94.9,0
2023-01-16,mandag,1,vinter,139.6,,1.9,1.8,55.4,70.7,1
2023-01-17,tirsdag,1,vinter,133.9,-0.7,4.4,2.7,55.4,139.6,1
2023-01-18,onsdag,1,vinter,137.7,1.2,2.4,5.6,55.4,133.9,1
2023-01-19,torsdag,1,vinter,149.8,0.4,1.1,2.3,55.4,137.7,1
2023-01-20,fredag,1,vinter,160.8,-1.5,2.3,1.0,55.4,149.8,1
2023-01-21,lørdag,1,vinter,150.6,-5.8,,0.0,55.4,160.8,1
2023-01-22,søndag,1,vinter,151.5,-10.9,1.7,0.0,55.4,150.6,1
2023-01-23,mandag,1,vinter,197.3,-7.4,,0.2,51.2,151.5,1
2023-01-24,tirsdag,1,vinter,184.7,-2.2,1.2,0.1,51.2,197.3,1
2023-01-25,onsdag,1,vinter,137.3,1.4,1.3,0.0,51.2,184.7,1
2023-01-26,torsdag,1,vinter,131.8,2.4,1.9,0.0,51.2,137.3,1
2023-01-27,fredag,1,vinter,154.3,-0.6,0.8,0.0,51.2,131.8,1
2023-01-28,lørdag,1,vinter,116.9,-3.6,1.2,0.0,51.2,154.3,1
2023-01-29,søndag,1,vinter,102.3,-1.9,2.0,0.0,51.2,116.9,1
2023-01-30,mandag,1,vinter,89.9,2.8,3.7,0.0,47.2,102.3,1
2023-01-31,tirsdag,1,vinter,104.9,2.4,1.2,0.0,47.2,89.9,1
2023-02-01,onsdag,2,vinter,102.9,-1.2,2.3,0.4,47.2,104.9,1
2023-02-02,torsdag,2,vinter,146.4,-3.9,,0.0,47.2,102.9,1
2023-02-03,fredag,2,vinter,111.9,-4.1,3.9,0.6,47.2,146.4,1
2023-02-04,lørdag,2,vinter,138.5,-4.0,1.7,0.3,47.2,111.9,1
2023-02-05,søndag,2,vinter,122.4,,1.4,4.8,47.2,138.5,1
2023-02-06,mandag,2,vinter,160.8,-1.9,0.9,0.2,43.1,122.4,1
2023-02-07,tirsdag,2,vinter,131.5,-2.2,0.9,0.0,43.1,160.8,1
2023-02-08,onsdag,2,vinter,119.3,-1.0,2.8,0.0,43.1,131.5,1
2023-02-09,torsdag,2,vinter,99.3,2.2,5.3,0.0,43.1,119.3,1
2023-02-10,fredag,2,vinter,98.5,2.5,3.2,0.1,43.1,99.3,1
2023-02-11,lørdag,2,vinter,94.9,1.5,,0.2,43.1,98.5,1
2023-02-12,søndag,2,vinter,111.8,,1.1,0.0,43.1,94.9,1
2023-02-13,mandag,2,vinter,115.7,2.7,1.4,0.0,38.8,111.8,1
2023-02-14,tirsdag,2,vinter,141.2,,1.1,0.0,38.8,115.7,1
2023-02-15,onsdag,2,vinter,120.6,-0.3,1.2,0.0,38.8,141.2,1
2023-02-16,torsdag,2,vinter,120.6,0.8,2.1,0.5,38.8,120.6,1
2023-02-17,fredag,2,vinter,92.3,2.2,3.5,1.8,38.8,120.6,1
2023-02-18,lørdag,2,vinter,98.0,3.2,3.3,12.8,38.8,92.3,1
2023-02-19,søndag,2,vinter,107.9,1.4,1.4,0.0,38.8,98.0,1
2023-02-20,mandag,2,vinter,77.8,0.2,2.5,8.2,35.4,107.9,0
2023-02-21,tirsdag,2,vinter,107.2,4.7,3.3,0.0,35.4,77.8,1
2023-02-22,onsdag,2,vinter,118.7,1.2,,0.2,35.4,107.2,1
2023-02-23,torsdag,2,vinter,115.8,0.3,1.5,9.9,35.4,118.7,1
2023-02-24,fredag,2,vinter,103.9,0.6,,6.0,35.4,115.8,1
2023-02-25,lørdag,2,vinter,97.7,0.1,4.4,0.0,35.4,103.9,1
2023-02-26,søndag,2,vinter,111.9,0.6,1.7,0.0,35.4,97.7,1
2023-02-27,mandag,2,vinter,124.5,,1.1,0.0,31.1,111.9,1
2023-02-28,tirsdag,2,vinter,123.8,2.2,1.3,0.0,31.1,124.5,1
2023-03-01,onsdag,3,var,130.7,,,0.0,31.1,123.8,1
2023-03-02,torsdag,3,var,119.8,2.2,1.5,0.0,31.1,130.7,1
2023-03-03,fredag,3,var,115.0,1.2,2.4,0.0,31.1,119.8,1
2023-03-04,lørdag,3,var,112.4,2.4,,0.0,31.1,115.0,1
2023-03-05,søndag,3,var,129.7,-1.5,2.6,0.0,31.1,112.4,1
2023-03-06,mandag,3,var,152.8,,2.3,0.0,26.3,129.7,1
2023-03-07,tirsdag,3,var,115.3,-4.0,3.5,0.0,26.3,152.8,1
2023-03-08,onsdag,3,var,149.7,-5.4,2.2,0.0,26.3,115.3,1
2023-03-09,torsdag,3,var,137.9,-3.9,2.1,1.1,26.3,149.7,1
2023-03-10,fredag,3,var,126.8,,1.5,0.0,26.3,137.9,1
2023-03-11,lørdag,3,var,110.3,,2.0,0.0,26.3,126.8,1
2023-03-12,søndag,3,var,106.8,-3.9,2.3,0.0,26.3,110.3,1
2023-03-13,mandag,3,var,94.6,,3.0,2.6,22.6,106.8,1
2023-03-14,tirsdag,3,var,102.0,-2.0,1.7,12.8,22.6,94.6,1
2023-03-15,onsdag,3,var,121.8,-2.1,2.3,0.0,22.6,102.0,1
2023-03-16,torsdag,3,var,112.7,,,0.0,22.6,121.8,1
2023-03-17,fredag,3,var,103.3,,2.5,5.8,22.6,112.7,1
2023-03-18,lørdag,3,var,109.3,2.1,1.4,13.1,22.6,103.3,1
2023-03-19,søndag,3,var,109.8,3.7,1.3,0.1,22.6,109.3,1
2023-03-20,mandag,3,var,116.5,3.4,1.8,1.2,19.9,109.8,1
2023-03-21,tirsdag,3,var,111.3,2.5,1.3,0.0,19.9,116.5,1
2023-03-22,onsdag,3,var,93.0,1.5,,5.8,19.9,111.3,1
2023-03-23,torsdag,3,var,85.7,3.1,2.2,7.0,19.9,93.0,0
2023-03-24,fredag,3,var,84.1,3.9,1.7,5.1,19.9,85.7,0
2023-03-25,lørdag,3,var,73.0,3.5,3.3,7.2,19.9,84.1,0
2023-03-26,søndag,3,var,92.0,,3.2,1.4,19.9,73.0,1
2023-03-27,mandag,3,var,101.2,-2.8,3.6,0.0,16.0,92.0,1
2023-03-28,tirsdag,3,var,123.1,-2.9,1.8,0.0,16.0,101.2,1
2023-03-29,onsdag,3,var,127.9,-0.2,,9.4,16.0,123.1,1
2023-03-30,torsdag,3,var,104.2,-1.7,2.9,0.0,16.0,127.9,1
2023-03-31,fredag,3,var,111.5,,4.4,0.0,16.0,104.2,1
2023-04-01,lørdag,4,var,97.7,1.2,3.0,0.0,16.0,111.5,1
2023-04-02,søndag,4,var,105.2,,1.7,1.0,16.0,97.7,1
2023-04-03,mandag,4,var,127.5,2.7,1.9,0.0,12.3,105.2,1
2023-04-04,tirsdag,4,var,134.4,,1.8,0.0,12.3,127.5,1
2023-04-05,onsdag,4,var,130.6,,2.0,0.0,12.3,134.4,1
2023-04-06,torsdag,4,var,124.8,,2.7,0.1,12.3,130.6,1
2023-04-07,fredag,4,var,117.2,1.3,1.6,1.4,12.3,124.8,1
2023-04-08,lørdag,4,var,120.5,3.0,1.5,0.0,12.3,117.2,1
2023-04-09,søndag,4,var,110.6,7.5,2.6,0.0,12.3,120.5,1
2023-04-10,mandag,4,var,58.6,7.2,2.2,1.4,13.0,110.6,0
2023-04-11,tirsdag,4,var,79.8,6.3,3.3,1.6,13.0,58.6,0
2023-04-12,onsdag,4,var,110.6,5.5,2.9,6.3,13.0,79.8,1
2023-04-13,torsdag,4,var,107.2,7.8,4.6,4.0,13.0,110.6,1
2023-04-14,fredag,4,var,119.0,8.0,4.4,4.0,13.0,107.2,1
2023-04-15,lørdag,4,var,111.6,3.6,4.0,22.0,13.0,119.0,1
2023-04-16,søndag,4,var,115.0,,2.7,3.1,13.0,111.6,1
2023-04-17,mandag,4,var,125.5,6.4,,0.0,15.0,115.0,1
2023-04-18,tirsdag,4,var,114.9,,2.4,0.0,15.0,125.5,1
2023-04-19,onsdag,4,var,107.9,10.4,2.5,0.0,15.0,114.9,1
2023-04-20,torsdag,4,var,110.3,11.7,1.7,0.0,15.0,107.9,1
2023-04-21,fredag,4,var,107.3,11.9,1.9,0.0,15.0,110.3,1
2023-04-22,lørdag,4,var,97.5,,2.3,0.0,15.0,107.3,1
2023-04-23,søndag,4,var,97.9,12.3,3.6,4.6,15.0,97.5,1
2023-04-24,mandag,4,var,116.4,5.3,6.0,6.6,16.1,97.9,1
2023-04-25,tirsdag,4,var,104.5,2.6,,34.5,16.1,116.4,1
2023-04-26,onsdag,4,var,113.6,2.3,,8.2,16.1,104.5,1
2023-04-27,torsdag,4,var,123.2,2.9,3.1,0.2,16.1,113.6,1
2023-04-28,fredag,4,var,121.3,5.3,2.1,0.0,16.1,123.2,1
2023-04-29,lørdag,4,var,112.2,6.2,3.6,0.0,16.1,121.3,1
2023-04-30,søndag,4,var,99.5,5.6,3.1,0.7,16.1,112.2,1
2023-05-01,mandag,5,var,106.7,7.0,2.4,0.5,15.2,99.5,1
2023-05-02,tirsdag,5,var,121.5,,2.6,3.4,15.2,106.7,1
2023-05-03,onsdag,5,var,118.5,7.5,2.6,0.0,15.2,121.5,1
2023-05-04,torsdag,5,var,111.9,7.5,3.8,0.0,15.2,118.5,1
2023-05-05,fredag,5,var,98.2,5.9,,0.0,15.2,111.9,1
2023-05-06,lørdag,5,var,95.4,7.3,2.4,0.0,15.2,98.2,1
2023-05-07,søndag,5,var,88.6,7.4,2.4,0.0,15.2,95.4,1
2023-05-08,mandag,5,var,102.7,8.7,3.1,0.0,21.0,88.6,1
2023-05-09,tirsdag,5,var,97.8,11.2,3.3,0.0,21.0,102.7,1
2023-05-10,onsdag,5,var,93.1,11.6,2.8,0.0,21.0,97.8,1
2023-05-11,torsdag,5,var,101.6,14.0,2.1,0.0,21.0,93.1,1
2023-05-12,fredag,5,var,92.0,11.7,,0.0,21.0,101.6,1
2023-05-13,lørdag,5,var,71.5,,,0.0,21.0,92.0,0
2023-05-14,søndag,5,var,68.5,15.5,2.9,0.0,21.0,71.5,0
2023-05-15,mandag,5,var,91.9,15.8,2.8,0.0,37.1,68.5,1
2023-05-16,tirsdag,5,var,64.7,15.1,2.4,0.3,37.1,91.9,0
2023-05-17,onsdag,5,var,51.2,11.1,,5.6,37.1,64.7,0
2023-05-18,torsdag,5,var,85.0,9.8,,0.0,37.1,51.2,0
2023-05-19,fredag,5,var,92.5,11.3,2.5,0.0,37.1,85.0,1
2023-05-20,lørdag,5,var,53.0,12.3,1.8,0.0,37.1,92.5,0
2023-05-21,søndag,5,var,34.9,14.2,1.7,0.0,37.1,53.0,0
2023-05-22,mandag,5,var,83.6,17.2,2.0,0.0,52.7,34.9,0
2023-05-23,tirsdag,5,var,62.7,17.8,2.2,2.1,52.7,83.6,0
2023-05-24,onsdag,5,var,82.2,12.8,,4.3,52.7,62.7,0
2023-05-25,torsdag,5,var,57.6,14.2,4.8,0.0,52.7,82.2,0
2023-05-26,fredag,5,var,55.9,12.2,,0.0,52.7,57.6,0
2023-05-27,lørdag,5,var,47.1,12.3,3.0,0.0,52.7,55.9,0
2023-05-28,søndag,5,var,37.0,12.4,4.0,0.8,52.7,47.1,0
2023-05-29,mandag,5,var,41.0,12.0,2.5,0.0,59.6,37.0,0
2023-05-30,tirsdag,5,var,70.0,,2.7,0.0,59.6,41.0,0
2023-05-31,onsdag,5,var,56.3,,2.6,0.0,59.6,70.0,0
2023-06-01,torsdag,6,sommer,60.3,16.6,4.2,0.0,59.6,56.3,0
2023-06-02,fredag,6,sommer,66.0,11.9,2.6,0.0,59.6,60.3,0
2023-06-03,lørdag,6,sommer,50.9,12.9,2.1,0.0,59.6,66.0,0
2023-06-04,søndag,6,sommer,49.6,14.7,2.7,0.0,59.6,50.9,0
2023-06-05,mandag,6,sommer,60.5,16.3,2.7,0.0,65.9,49.6,0
2023-06-06,tirsdag,6,sommer,59.7,17.0,2.5,0.0,65.9,60.5,0
2023-06-07,onsdag,6,sommer,70.7,18.3,3.5,0.0,65.9,59.7,0
2023-06-08,torsdag,6,sommer,68.8,18.3,4.6,0.0,65.9,70.7,0
2023-06-09,fredag,6,sommer,67.5,17.4,2.7,0.0,65.9,68.8,0
2023-06-10,lørdag,6,sommer,54.3,17.0,,0.0,65.9,67.5,0
2023-06-11,søndag,6,sommer,42.4,17.5,2.9,0.0,65.9,54.3,0
2023-06-12,mandag,6,sommer,74.1,17.2,2.6,0.0,72.2,42.4,0
2023-06-13,tirsdag,6,sommer,74.0,,1.6,0.0,72.2,74.1,0
2023-06-14,onsdag,6,sommer,81.9,21.1,1.8,0.0,72.2,74.0,0
2023-06-15,torsdag,6,sommer,94.1,23.1,1.7,0.0,72.2,81.9,1
2023-06-16,fredag,6,sommer,93.5,23.8,2.2,0.0,72.2,94.1,1
2023-06-17,lørdag,6,sommer,87.3,24.4,,0.0,72.2,93.5,1
2023-06-18,søndag,6,sommer,81.6,25.4,3.5,0.0,72.2,87.3,0
2023-06-19,mandag,6,sommer,97.5,18.1,3.3,2.5,77.8,81.6,1
2023-06-20,tirsdag,6,sommer,90.2,19.6,2.0,0.0,77.8,97.5,1
2023-06-21,onsdag,6,sommer,91.9,18.6,2.2,8.6,77.8,90.2,1
2023-06-22,torsdag,6,sommer,88.8,18.2,3.4,15.4,77.8,91.9,1
2023-06-23,fredag,6,sommer,81.5,19.4,2.3,0.1,77.8,88.8,0
2023-06-24,lørdag,6,sommer,51.8,20.4,2.8,0.0,77.8,81.5,0
2023-06-25,søndag,6,sommer,46.2,19.9,2.3,0.0,77.8,51.8,0
2023-06-26,mandag,6,sommer,78.7,21.2,1.9,0.0,80.2,46.2,0
2023-06-27,tirsdag,6,sommer,82.0,19.1,1.7,10.7,80.2,78.7,0
2023-06-28,onsdag,6,sommer,88.4,19.5,2.9,0.0,80.2,82.0,1
2023-06-29,torsdag,6,sommer,87.5,21.7,2.8,0.0,80.2,88.4,1
2023-06-30,fredag,6,sommer,79.0,19.5,2.8,2.6,80.2,87.5,0
2023-07-01,lørdag,7,sommer,57.0,,2.6,1.8,80.2,79.0,0
2023-07-02,søndag,7,sommer,4.2,17.7,2.5,6.3,80.2,57.0,0
2023-07-03,mandag,7,sommer,40.1,14.1,,21.1,82.3,4.2,0
2023-07-04,tirsdag,7,sommer,61.1,16.0,2.2,1.9,82.3,40.1,0
2023-07-05,onsdag,7,sommer,61.8,15.5,,0.4,82.3,61.1,0
2023-07-06,torsdag,7,sommer,64.4,16.2,2.7,2.3,82.3,61.8,0
2023-07-07,fredag,7,sommer,71.0,14.4,2.0,9.7,82.3,64.4,0
2023-07-08,lørdag,7,sommer,57.9,17.7,2.1,5.5,82.3,71.0,0
2023-07-09,søndag,7,sommer,63.7,20.3,,0.0,82.3,57.9,0
2023-07-10,mandag,7,sommer,69.1,22.0,1.9,0.0,85.7,63.7,0
2023-07-11,tirsdag,7,sommer,65.0,20.0,2.9,0.1,85.7,69.1,0
2023-07-12,onsdag,7,sommer,50.9,,2.6,15.8,85.7,65.0,0
2023-07-13,torsdag,7,sommer,51.5,15.9,,17.9,85.7,50.9,0
2023-07-14,fredag,7,sommer,47.9,16.1,2.6,4.6,85.7,51.5,0
2023-07-15,lørdag,7,sommer,20.7,18.0,2.2,0.0,85.7,47.9,0
2023-07-16,søndag,7,sommer,-7.6,15.4,4.8,16.9,85.7,20.7,0
2023-07-17,mandag,7,sommer,20.3,16.3,4.9,6.4,86.7,-7.6,0
2023-07-18,tirsdag,7,sommer,23.2,,3.0,1.2,86.7,20.3,0
2023-07-19,onsdag,7,sommer,22.4,16.5,2.5,1.1,86.7,23.2,0
2023-07-20,torsdag,7,sommer,18.1,14.6,2.2,0.7,86.7,22.4,0
2023-07-21,fredag,7,sommer,14.7,14.5,1.9,1.3,86.7,18.1,0
2023-07-22,lørdag,7,sommer,15.5,14.5,1.9,0.7,86.7,14.7,0
2023-07-23,søndag,7,sommer,13.6,12.6,2.0,3.3,86.7,15.5,0
2023-07-24,mandag,7,sommer,27.7,16.2,4.1,0.4,91.1,13.6,0
2023-07-25,tirsdag,7,sommer,28.7,14.6,2.3,20.4,91.1,27.7,0
2023-07-26,onsdag,7,sommer,31.7,16.2,2.5,1.1,91.1,28.7,0
2023-07-27,torsdag,7,sommer,34.0,14.7,,0.5,91.1,31.7,0
2023-07-28,fredag,7,sommer,33.8,15.4,2.5,1.7,91.1,34.0,0
2023-07-29,lørdag,7,sommer,23.9,17.2,2.1,0.0,91.1,33.8,0
2023-07-30,søndag,7,sommer,20.6,17.8,2.4,0.0,91.1,23.9,0
2023-07-31,mandag,7,sommer,36.7,16.6,1.9,3.8,89.4,20.6,0
2023-08-01,tirsdag,8,sommer,34.4,15.2,1.7,2.7,89.4,36.7,0
2023-08-02,onsdag,8,sommer,32.8,17.0,1.8,0.3,89.4,34.4,0
2023-08-03,torsdag,8,sommer,25.8,16.9,1.8,18.5,89.4,32.8,0
2023-08-04,fredag,8,sommer,24.1,17.6,,0.4,89.4,25.8,0
2023-08-05,lørdag,8,sommer,20.1,16.8,1.9,8.5,89.4,24.1,0
2023-08-06,søndag,8,sommer,19.4,14.8,2.6,3.6,89.4,20.1,0
2023-08-07,mandag,8,sommer,8.0,15.7,4.8,9.5,102.0,19.4,0
2023-08-08,tirsdag,8,sommer,-4.1,15.8,2.1,57.2,102.0,8.0,0
2023-08-09,onsdag,8,sommer,5.5,15.6,3.0,3.1,102.0,-4.1,0
2023-08-10,torsdag,8,sommer,17.3,,1.6,2.0,102.0,5.5,0
2023-08-11,fredag,8,sommer,20.1,15.2,2.4,0.0,102.0,17.3,0
2023-08-12,lørdag,8,sommer,13.8,16.1,,1.4,102.0,20.1,0
2023-08-13,søndag,8,sommer,14.7,17.4,3.0,0.6,102.0,13.8,0
2023-08-14,mandag,8,sommer,24.2,16.6,3.1,4.3,99.8,14.7,0
2023-08-15,tirsdag,8,sommer,24.4,16.4,1.4,6.3,99.8,24.2,0
2023-08-16,onsdag,8,sommer,18.7,16.8,2.1,6.1,99.8,24.4,0
2023-08-17,torsdag,8,sommer,18.9,18.1,3.1,0.3,99.8,18.7,0
2023-08-18,fredag,8,sommer,24.7,18.2,3.7,0.0,99.8,18.9,0
2023-08-19,lørdag,8,sommer,17.7,18.3,3.3,1.7,99.8,24.7,0
2023-08-20,søndag,8,sommer,19.5,17.1,2.1,41.4,99.8,17.7,0
2023-08-21,mandag,8,sommer,22.8,17.0,,4.6,101.5,19.5,0
2023-08-22,tirsdag,8,sommer,23.0,17.8,1.9,0.0,101.5,22.8,0
2023-08-23,onsdag,8,sommer,22.4,,,0.0,101.5,23.0,0
2023-08-24,torsdag,8,sommer,22.5,15.6,,5.8,101.5,22.4,0
2023-08-25,fredag,8,sommer,19.2,17.0,,0.5,101.5,22.5,0
2023-08-26,lørdag,8,sommer,16.2,14.4,3.2,12.7,101.5,19.2,0
2023-08-27,søndag,8,sommer,16.8,,3.6,52.0,101.5,16.2,0
2023-08-28,mandag,8,sommer,28.5,15.4,1.8,2.1,98.6,16.8,0
2023-08-29,tirsdag,8,sommer,25.1,14.7,2.0,14.2,98.6,28.5,0
2023-08-30,onsdag,8,sommer,24.5,14.5,1.6,0.0,98.6,25.1,0
2023-08-31,torsdag,8,sommer,20.1,14.0,1.3,0.0,98.6,24.5,0
2023-09-01,fredag,9,host,9.5,15.2,1.5,0.0,98.6,20.1,0
2023-09-02,lørdag,9,host,1.8,17.2,,0.8,98.6,9.5,0
2023-09-03,søndag,9,host,1.2,,1.9,0.0,98.6,1.8,0
2023-09-04,mandag,9,host,-1.6,14.8,2.1,0.2,95.1,1.2,0
2023-09-05,tirsdag,9,host,1.0,17.9,2.9,0.0,95.1,-1.6,0
2023-09-06,onsdag,9,host,3.7,,2.5,0.0,95.1,1.0,0
2023-09-07,torsdag,9,host,5.1,15.6,2.5,0.0,95.1,3.7,0
2023-09-08,fredag,9,host,4.5,16.5,,0.0,95.1,5.1,0
2023-09-09,lørdag,9,host,2.9,,1.3,0.1,95.1,4.5,0
2023-09-10,søndag,9,host,2.9,16.8,1.8,0.0,95.1,2.9,0
2023-09-11,mandag,9,host,4.1,17.6,,0.7,92.2,2.9,0
2023-09-12,tirsdag,9,host,3.1,17.2,2.8,1.2,92.2,4.1,0
2023-09-13,onsdag,9,host,3.5,14.3,,0.3,92.2,3.1,0
2023-09-14,torsdag,9,host,3.1,12.0,2.3,0.0,92.2,3.5,0
2023-09-15,fredag,9,host,2.4,11.9,1.9,1.0,92.2,3.1,0
2023-09-16,lørdag,9,host,-2.9,13.8,2.1,4.5,92.2,2.4,0
2023-09-17,søndag,9,host,-1.2,10.2,,1.5,92.2,-2.9,0
2023-09-18,mandag,9,host,1.9,11.8,,1.8,96.5,-1.2,0
2023-09-19,tirsdag,9,host,-3.6,13.5,4.0,42.3,96.5,1.9,0
2023-09-20,onsdag,9,host,-5.4,12.0,,0.6,96.5,-3.6,0
2023-09-21,torsdag,9,host,-1.0,,4.0,3.0,96.5,-5.4,0
2023-09-22,fredag,9,host,-1.1,14.6,,33.3,96.5,-1.0,0
2023-09-23,lørdag,9,host,1.8,12.4,1.7,6.0,96.5,-1.1,0
2023-09-24,søndag,9,host,1.6,11.0,2.7,0.0,96.5,1.8,0
2023-09-25,mandag,9,host,-0.2,13.7,5.0,3.5,95.8,1.6,0
2023-09-26,tirsdag,9,host,-1.3,13.6,1.7,0.1,95.8,-0.2,0
2023-09-27,onsdag,9,host,-2.7,,1.7,0.7,95.8,-1.3,0
2023-09-28,torsdag,9,host,0.6,14.2,2.9,1.8,95.8,-2.7,0
2023-09-29,fredag,9,host,1.2,14.5,2.9,2.1,95.8,0.6,0
2023-09-30,lørdag,9,host,-1.2,12.7,2.6,0.3,95.8,1.2,0
2023-10-01,søndag,10,host,-0.8,11.5,,0.0,95.8,-1.2,0
2023-10-02,mandag,10,host,3.0,11.6,1.5,0.3,93.9,-0.8,0
2023-10-03,tirsdag,10,host,1.9,,1.4,0.0,93.9,3.0,0
2023-10-04,onsdag,10,host,1.6,9.2,2.4,0.0,93.9,1.9,0
2023-10-05,torsdag,10,host,3.8,10.9,1.9,0.0,93.9,1.6,0
2023-10-06,fredag,10,host,3.2,9.3,2.4,2.3,93.9,3.8,0
2023-10-07,lørdag,10,host,0.9,,2.8,4.7,93.9,3.2,0
2023-10-08,søndag,10,host,4.5,5.4,2.0,0.0,93.9,0.9,0
2023-10-09,mandag,10,host,54.4,4.8,1.7,0.0,93.8,4.5,0
2023-10-10,tirsdag,10,host,45.2,3.9,,0.0,93.8,54.4,0
2023-10-11,onsdag,10,host,7.4,10.0,4.9,4.7,93.8,45.2,0
2023-10-12,torsdag,10,host,28.5,8.9,3.5,0.0,93.8,7.4,0
2023-10-13,fredag,10,host,31.1,,,0.0,93.8,28.5,0
2023-10-14,lørdag,10,host,4.3,7.5,4.0,10.5,93.8,31.1,0
2023-10-15,søndag,10,host,19.4,8.6,3.3,0.0,93.8,4.3,0
2023-10-16,mandag,10,host,61.0,5.1,,0.0,92.1,19.4,0
2023-10-17,tirsdag,10,host,62.2,6.4,2.2,0.0,92.1,61.0,0
2023-10-18,onsdag,10,host,61.2,7.1,2.3,0.0,92.1,62.2,0
2023-10-19,torsdag,10,host,31.6,4.3,,0.0,92.1,61.2,0
2023-10-20,fredag,10,host,39.1,1.5,7.2,0.0,92.1,31.6,0
2023-10-21,lørdag,10,host,50.2,2.0,6.8,0.0,92.1,39.1,0
2023-10-22,søndag,10,host,51.3,2.2,4.1,1.9,92.1,50.2,0
2023-10-23,mandag,10,host,107.0,3.9,2.3,0.5,89.6,51.3,1
2023-10-24,tirsdag,10,host,71.1,5.4,3.3,0.0,89.6,107.0,0
2023-10-25,onsdag,10,host,71.2,4.3,,0.0,89.6,71.1,0
2023-10-26,torsdag,10,host,79.2,2.0,3.5,0.0,89.6,71.2,0
2023-10-27,fredag,10,host,110.5,,3.1,0.0,89.6,79.2,1
2023-10-28,lørdag,10,host,88.2,1.3,2.9,0.0,89.6,110.5,1
2023-10-29,søndag,10,host,50.8,0.6,,0.0,89.6,88.2,0
2023-10-30,mandag,10,host,78.1,0.0,8.1,1.5,87.8,50.8,0
2023-10-31,tirsdag,10,host,113.1,-0.4,6.4,9.2,87.8,78.1,1
2023-11-01,onsdag,11,host,74.9,-0.3,2.2,1.0,87.8,113.1,0
2023-11-02,torsdag,11,host,66.4,-1.1,6.3,2.0,87.8,74.9,0
2023-11-03,fredag,11,host,57.3,1.2,6.9,21.7,87.8,66.4,0
2023-11-04,lørdag,11,host,44.0,,4.4,6.6,87.8,57.3,0
2023-11-05,søndag,11,host,57.4,3.6,4.6,0.7,87.8,44.0,0
2023-11-06,mandag,11,host,87.0,4.7,3.3,0.9,85.8,57.4,1
2023-11-07,tirsdag,11,host,110.5,4.5,1.7,15.2,85.8,87.0,1
2023-11-08,onsdag,11,host,89.5,,1.3,0.1,85.8,110.5,1
2023-11-09,torsdag,11,host,101.6,3.1,3.2,2.9,85.8,89.5,1
2023-11-10,fredag,11,host,91.5,3.8,2.9,2.6,85.8,101.6,1
2023-11-11,lørdag,11,host,108.7,3.3,3.8,0.0,85.8,91.5,1
2023-11-12,søndag,11,host,108.3,2.2,4.2,0.1,85.8,108.7,1
2023-11-13,mandag,11,host,100.2,0.4,2.4,0.3,82.9,108.3,1
2023-11-14,tirsdag,11,host,88.2,-1.2,4.7,0.0,82.9,100.2,1
2023-11-15,onsdag,11,host,118.8,-1.2,3.0,0.1,82.9,88.2,1
2023-11-16,torsdag,11,host,138.4,-3.7,,0.0,82.9,118.8,1
2023-11-17,fredag,11,host,136.4,-2.9,2.0,0.0,82.9,138.4,1
2023-11-18,lørdag,11,host,104.0,-5.2,1.5,0.0,82.9,136.4,1
2023-11-19,søndag,11,host,76.4,-7.7,4.3,0.0,82.9,104.0,0
2023-11-20,mandag,11,host,122.7,-4.3,2.8,1.1,79.9,76.4,1
2023-11-21,tirsdag,11,host,141.3,-1.3,1.9,0.0,79.9,122.7,1
2023-11-22,onsdag,11,host,96.3,-1.8,3.7,0.0,79.9,141.3,1
2023-11-23,torsdag,11,host,71.7,2.6,3.6,1.3,79.9,96.3,0
2023-11-24,fredag,11,host,81.8,2.6,,0.0,79.9,71.7,0
2023-11-25,lørdag,11,host,109.3,0.9,2.5,0.1,79.9,81.8,1
2023-11-26,søndag,11,host,132.6,,1.7,0.1,79.9,109.3,1
2023-11-27,mandag,11,host,129.5,-3.2,4.3,0.0,75.5,132.6,1
2023-11-28,tirsdag,11,host,142.2,-6.2,4.9,0.4,75.5,129.5,1
2023-11-29,onsdag,11,host,164.0,-5.7,6.7,2.2,75.5,142.2,1
2023-11-30,torsdag,11,host,193.7,-1.8,,1.1,75.5,164.0,1
2023-12-01,fredag,12,vinter,178.1,-3.5,,0.2,75.5,193.7,1
2023-12-02,lørdag,12,vinter,134.4,-8.6,2.1,0.0,75.5,178.1,1
2023-12-03,søndag,12,vinter,123.0,,,0.0,75.5,134.4,1
2023-12-04,mandag,12,vinter,164.7,-12.4,,0.0,71.5,123.0,1
2023-12-05,tirsdag,12,vinter,186.8,-13.1,,0.0,71.5,164.7,1
2023-12-06,onsdag,12,vinter,152.1,,1.9,0.1,71.5,186.8,1
2023-12-07,torsdag,12,vinter,134.5,-7.9,1.7,2.0,71.5,152.1,1
2023-12-08,fredag,12,vinter,120.3,-4.7,3.4,0.0,71.5,134.5,1
2023-12-09,lørdag,12,vinter,94.3,-1.9,3.4,2.5,71.5,120.3,1
2023-12-10,søndag,12,vinter,77.2,0.3,4.3,4.7,71.5,94.3,0
2023-12-11,mandag,12,vinter,101.0,-1.0,5.9,2.2,68.2,77.2,1
2023-12-12,tirsdag,12,vinter,121.5,-0.6,2.3,0.3,68.2,101.0,1
2023-12-13,onsdag,12,vinter,110.5,-2.8,2.3,0.0,68.2,121.5,1
2023-12-14,torsdag,12,vinter,122.8,-4.9,1.5,0.0,68.2,110.5,1
2023-12-15,fredag,12,vinter,103.0,-5.3,,0.1,68.2,122.8,1
2023-12-16,lørdag,12,vinter,69.6,-3.6,1.7,0.0,68.2,103.0,0
2023-12-17,søndag,12,vinter,54.7,2.2,1.5,0.0,68.2,69.6,0
2023-12-18,mandag,12,vinter,71.9,1.1,1.0,0.0,66.1,54.7,0
2023-12-19,tirsdag,12,vinter,74.7,1.6,,2.1,66.1,71.9,0
2023-12-20,onsdag,12,vinter,68.4,-0.2,,0.2,66.1,74.7,0
2023-12-21,torsdag,12,vinter,55.3,-3.9,5.5,0.1,66.1,68.4,0
2023-12-22,fredag,12,vinter,49.1,-2.0,3.7,8.4,66.1,55.3,0
2023-12-23,lørdag,12,vinter,44.6,-3.2,1.2,0.0,66.1,49.1,0
2023-12-24,søndag,12,vinter,48.5,,2.0,0.0,66.1,44.6,0
2023-12-25,mandag,12,vinter,52.4,-5.6,1.9,5.6,63.6,48.5,0
2023-12-26,tirsdag,12,vinter,62.3,-7.2,0.9,0.8,63.6,52.4,0
2023-12-27,onsdag,12,vinter,74.7,-9.1,,0.0,63.6,62.3,0
2023-12-28,torsdag,12,vinter,56.7,-6.2,3.9,2.2,63.6,74.7,0
2023-12-29,fredag,12,vinter,63.9,-4.1,2.3,5.5,63.6,56.7,0
2023-12-30,lørdag,12,vinter,71.8,-3.8,1.9,1.8,63.6,63.9,0
2023-12-31,søndag,12,vinter,62.8,-1.4,4.9,0.4,63.6,71.8,0
2024-01-01,mandag,1,vinter,52.4,-3.8,,6.3,59.5,62.8,0
2024-01-02,tirsdag,1,vinter,69.0,-5.3,6.3,6.4,59.5,52.4,0
2024-01-03,onsdag,1,vinter,74.5,-8.1,5.4,2.1,59.5,69.0,0
2024-01-04,torsdag,1,vinter,101.7,-8.7,4.8,0.9,59.5,74.5,1
2024-01-05,fredag,1,vinter,219.5,-12.0,1.9,0.0,59.5,101.7,1
2024-01-06,lørdag,1,vinter,105.8,-18.9,1.1,0.0,59.5,219.5,1
2024-01-07,søndag,1,vinter,100.3,-17.5,1.2,0.0,59.5,105.8,1
2024-01-08,mandag,1,vinter,116.9,-17.0,0.9,0.0,54.9,100.3,1
2024-01-09,tirsdag,1,vinter,116.9,-13.3,0.6,0.0,54.9,116.9,1
2024-01-10,onsdag,1,vinter,118.5,-7.6,0.8,0.0,54.9,116.9,1
2024-01-11,torsdag,1,vinter,118.8,-3.9,,0.0,54.9,118.5,1
2024-01-12,fredag,1,vinter,114.5,-0.1,1.1,0.0,54.9,118.8,1
2024-01-13,lørdag,1,vinter,81.5,-4.2,0.9,0.0,54.9,114.5,0
2024-01-14,søndag,1,vinter,86.3,-3.8,2.6,0.1,54.9,81.5,1
2024-01-15,mandag,1,vinter,98.3,-3.3,2.0,6.4,50.4,86.3,1
2024-01-16,tirsdag,1,vinter,156.4,-12.3,1.8,0.0,50.4,98.3,1
2024-01-17,onsdag,1,vinter,109.1,-9.4,5.5,4.1,50.4,156.4,1
2024-01-18,torsdag,1,vinter,103.6,-7.7,1.3,10.5,50.4,109.1,1
2024-01-19,fredag,1,vinter,93.4,-11.0,1.5,0.1,50.4,103.6,1
2024-01-20,lørdag,1,vinter,85.2,-12.1,1.4,0.0,50.4,93.4,0
2024-01-21,søndag,1,vinter,64.0,,,1.1,50.4,85.2,0
2024-01-22,mandag,1,vinter,61.5,0.5,6.0,11.4,47.3,64.0,0
2024-01-23,tirsdag,1,vinter,58.1,4.9,3.0,0.1,47.3,61.5,0
2024-01-24,onsdag,1,vinter,50.0,3.5,1.7,9.1,47.3,58.1,0
2024-01-25,torsdag,1,vinter,85.6,0.6,1.4,0.0,47.3,50.0,0
2024-01-26,fredag,1,vinter,65.4,-0.9,1.6,0.1,47.3,85.6,0
2024-01-27,lørdag,1,vinter,65.5,-0.7,1.3,12.4,47.3,65.4,0
2024-01-28,søndag,1,vinter,61.8,0.6,4.0,0.0,47.3,65.5,0
2024-01-29,mandag,1,vinter,79.9,3.3,2.2,0.0,44.2,61.8,0
2024-01-30,tirsdag,1,vinter,72.0,1.8,0.9,0.0,44.2,79.9,0
2024-01-31,onsdag,1,vinter,60.2,-0.7,2.8,4.3,44.2,72.0,0
2024-02-01,torsdag,2,vinter,58.7,0.5,3.0,0.4,44.2,60.2,0
2024-02-02,fredag,2,vinter,60.8,0.2,1.3,0.0,44.2,58.7,0
2024-02-03,lørdag,2,vinter,48.2,4.0,4.7,6.2,44.2,60.8,0
2024-02-04,søndag,2,vinter,35.6,,1.9,0.0,44.2,48.2,0
2024-02-05,mandag,2,vinter,51.6,0.4,2.0,0.1,39.9,35.6,0
2024-02-06,tirsdag,2,vinter,69.1,-4.3,3.4,0.0,39.9,51.6,0
2024-02-07,onsdag,2,vinter,92.3,-6.7,2.0,0.9,39.9,69.1,1
2024-02-08,torsdag,2,vinter,100.8,-8.6,2.2,0.0,39.9,92.3,1
2024-02-09,fredag,2,vinter,78.4,-11.5,3.5,0.0,39.9,100.8,0
2024-02-10,lørdag,2,vinter,75.8,,,0.5,39.9,78.4,0
2024-02-11,søndag,2,vinter,70.8,-7.3,4.8,1.6,39.9,75.8,0
2024-02-12,mandag,2,vinter,82.5,-4.9,,0.6,35.8,70.8,0
2024-02-13,tirsdag,2,vinter,79.6,-3.8,2.4,10.9,35.8,82.5,0
2024-02-14,onsdag,2,vinter,76.0,-3.5,1.3,0.8,35.8,79.6,0
2024-02-15,torsdag,2,vinter,76.6,-0.4,2.5,0.0,35.8,76.0,0
2024-02-16,fredag,2,vinter,62.7,0.9,1.4,18.1,35.8,76.6,0
2024-02-17,lørdag,2,vinter,69.2,1.0,1.7,11.6,35.8,62.7,0
2024-02-18,søndag,2,vinter,60.1,-0.1,2.8,0.0,35.8,69.2,0
2024-02-19,mandag,2,vinter,71.2,-0.5,1.5,3.2,32.3,60.1,0
2024-02-20,tirsdag,2,vinter,66.7,-0.1,1.2,0.0,32.3,71.2,0
2024-02-21,onsdag,2,vinter,56.9,-0.3,1.3,2.1,32.3,66.7,0
2024-02-22,torsdag,2,vinter,58.6,1.7,1.6,6.0,32.3,56.9,0
2024-02-23,fredag,2,vinter,53.8,3.9,5.0,13.3,32.3,58.6,0
2024-02-24,lørdag,2,vinter,60.4,3.3,2.2,1.7,32.3,53.8,0
2024-02-25,søndag,2,vinter,66.2,3.0,1.9,4.9,32.3,60.4,0
2024-02-26,mandag,2,vinter,71.3,2.6,1.8,0.3,29.0,66.2,0
2024-02-27,tirsdag,2,vinter,70.0,0.7,3.0,0.0,29.0,71.3,0
2024-02-28,onsdag,2,vinter,61.3,2.0,3.5,0.6,29.0,70.0,0
2024-02-29,torsdag,2,vinter,57.2,3.8,4.1,0.0,29.0,61.3,0
2024-03-01,fredag,3,var,65.5,3.9,,14.1,29.0,57.2,0
2024-03-02,lørdag,3,var,65.7,3.8,4.1,1.7,29.0,65.5,0
2024-03-03,søndag,3,var,63.3,4.2,4.3,7.5,29.0,65.7,0
2024-03-04,mandag,3,var,74.2,4.0,4.0,7.4,25.9,63.3,0
2024-03-05,tirsdag,3,var,71.4,,,0.0,25.9,74.2,0
2024-03-06,onsdag,3,var,89.9,2.1,2.6,0.0,25.9,71.4,1
2024-03-07,torsdag,3,var,83.4,0.0,1.1,0.0,25.9,89.9,0
2024-03-08,fredag,3,var,75.3,1.1,2.0,0.0,25.9,83.4,0
2024-03-09,lørdag,3,var,61.3,2.7,3.4,0.0,25.9,75.3,0
2024-03-10,søndag,3,var,53.5,0.1,3.8,0.0,25.9,61.3,0
2024-03-11,mandag,3,var,68.5,-1.4,4.4,0.0,22.8,53.5,0
2024-03-12,tirsdag,3,var,84.9,-0.3,1.6,0.0,22.8,68.5,0
2024-03-13,onsdag,3,var,69.3,1.6,2.0,0.0,22.8,84.9,0
2024-03-14,torsdag,3,var,62.1,3.5,2.9,4.7,22.8,69.3,0
2024-03-15,fredag,3,var,58.5,6.0,1.5,0.7,22.8,62.1,0
2024-03-16,lørdag,3,var,54.7,4.2,,24.3,22.8,58.5,0
2024-03-17,søndag,3,var,65.8,-1.4,2.6,8.7,22.8,54.7,0
2024-03-18,mandag,3,var,70.1,-1.2,,0.0,19.6,65.8,0
2024-03-19,tirsdag,3,var,70.0,-0.2,1.7,0.1,19.6,70.1,0
2024-03-20,onsdag,3,var,84.2,,1.1,2.1,19.6,70.0,0
2024-03-21,torsdag,3,var,83.2,2.8,2.5,0.0,19.6,84.2,0
2024-03-22,fredag,3,var,62.0,3.9,3.0,3.9,19.6,83.2,0
2024-03-23,lørdag,3,var,45.0,5.8,3.0,0.0,19.6,62.0,0
2024-03-24,søndag,3,var,56.5,4.5,,1.1,19.6,45.0,0
2024-03-25,mandag,3,var,93.4,3.4,3.5,1.3,17.4,56.5,1
2024-03-26,tirsdag,3,var,70.2,0.6,2.1,2.4,17.4,93.4,0
2024-03-27,onsdag,3,var,67.4,1.8,3.8,3.4,17.4,70.2,0
2024-03-28,torsdag,3,var,60.5,4.0,6.1,0.9,17.4,67.4,0
2024-03-29,fredag,3,var,44.7,,3.0,7.0,17.4,60.5,0
2024-03-30,lørdag,3,var,58.4,5.5,1.8,0.4,17.4,44.7,0
2024-03-31,søndag,3,var,62.4,6.2,2.4,6.6,17.4,58.4,0
2024-04-01,mandag,4,var,57.1,,3.5,0.2,16.0,62.4,0
2024-04-02,tirsdag,4,var,52.6,7.2,5.1,0.0,16.0,57.1,0
2024-04-03,onsdag,4,var,79.2,2.0,4.8,0.0,16.0,52.6,0
2024-04-04,torsdag,4,var,70.7,0.1,4.6,0.0,16.0,79.2,0
2024-04-05,fredag,4,var,57.0,-2.3,,8.0,16.0,70.7,0
2024-04-06,lørdag,4,var,51.2,0.6,1.7,1.6,16.0,57.0,0
2024-04-07,søndag,4,var,12.6,3.6,3.5,1.7,16.0,51.2,0
2024-04-08,mandag,4,var,58.7,7.6,3.2,2.1,20.1,12.6,0
2024-04-09,tirsdag,4,var,56.7,8.5,,0.0,20.1,58.7,0
2024-04-10,onsdag,4,var,47.9,8.6,4.8,7.2,20.1,56.7,0
2024-04-11,torsdag,4,var,46.5,7.9,3.5,4.2,20.1,47.9,0
2024-04-12,fredag,4,var,43.3,9.8,1.9,1.0,20.1,46.5,0
2024-04-13,lørdag,4,var,14.4,8.7,,1.3,20.1,43.3,0
2024-04-14,søndag,4,var,20.4,10.3,4.3,5.5,20.1,14.4,0
2024-04-15,mandag,4,var,49.1,6.6,2.2,0.0,21.0,20.4,0
2024-04-16,tirsdag,4,var,50.8,6.7,3.3,0.0,21.0,49.1,0
2024-04-17,onsdag,4,var,69.4,5.4,3.4,0.0,21.0,50.8,0
2024-04-18,torsdag,4,var,86.5,4.9,2.8,0.0,21.0,69.4,1
2024-04-19,fredag,4,var,65.9,4.2,2.3,4.8,21.0,86.5,0
2024-04-20,lørdag,4,var,63.9,,3.5,0.0,21.0,65.9,0
2024-04-21,søndag,4,var,66.6,5.8,4.1,0.0,21.0,63.9,0
2024-04-22,mandag,4,var,83.7,4.6,1.9,0.0,19.0,66.6,0
2024-04-23,tirsdag,4,var,92.6,5.1,,0.0,19.0,83.7,1
2024-04-24,onsdag,4,var,86.1,6.2,,0.0,19.0,92.6,0
2024-04-25,torsdag,4,var,86.3,4.9,2.2,1.9,19.0,86.1,1
2024-04-26,fredag,4,var,96.9,,2.6,0.4,19.0,86.3,1
2024-04-27,lørdag,4,var,71.9,5.3,1.8,0.0,19.0,96.9,0
2024-04-28,søndag,4,var,40.0,6.9,4.6,0.0,19.0,71.9,0
2024-04-29,mandag,4,var,67.5,6.1,4.1,5.7,24.9,40.0,0
2024-04-30,tirsdag,4,var,58.0,,2.0,0.3,24.9,67.5,0
2024-05-01,onsdag,5,var,28.1,13.4,,0.0,24.9,58.0,0
2024-05-02,torsdag,5,var,29.1,15.9,3.6,0.0,24.9,28.1,0
2024-05-03,fredag,5,var,41.8,15.6,2.5,0.0,24.9,29.1,0
2024-05-04,lørdag,5,var,33.6,15.3,,0.0,24.9,41.8,0
2024-05-05,søndag,5,var,31.4,16.5,1.5,0.4,24.9,33.6,0
2024-05-06,mandag,5,var,58.7,,4.0,0.0,38.8,31.4,0
2024-05-07,tirsdag,5,var,78.8,9.7,2.2,0.0,38.8,58.7,0
2024-05-08,onsdag,5,var,84.1,10.7,1.9,0.1,38.8,78.8,0
2024-05-09,torsdag,5,var,42.8,,3.0,0.5,38.8,84.1,0
2024-05-10,fredag,5,var,48.5,11.4,2.9,1.1,38.8,42.8,0
2024-05-11,lørdag,5,var,36.5,11.1,2.0,0.0,38.8,48.5,0
2024-05-12,søndag,5,var,22.9,13.7,2.0,0.0,38.8,36.5,0
2024-05-13,mandag,5,var,30.6,14.4,1.9,0.0,55.7,22.9,0
2024-05-14,tirsdag,5,var,21.3,15.6,,0.0,55.7,30.6,0
2024-05-15,onsdag,5,var,27.8,16.7,2.3,0.0,55.7,21.3,0
2024-05-16,torsdag,5,var,21.3,18.5,2.5,0.0,55.7,27.8,0
2024-05-17,fredag,5,var,25.0,18.2,2.3,0.0,55.7,21.3,0
2024-05-18,lørdag,5,var,21.0,17.2,2.1,0.0,55.7,25.0,0
2024-05-19,søndag,5,var,18.6,17.4,3.0,0.0,55.7,21.0,0
2024-05-20,mandag,5,var,28.8,18.7,3.5,0.0,67.1,18.6,0
2024-05-21,tirsdag,5,var,38.0,16.0,2.5,0.0,67.1,28.8,0
2024-05-22,onsdag,5,var,34.0,17.8,3.4,0.0,67.1,38.0,0
2024-05-23,torsdag,5,var,38.1,19.7,,0.0,67.1,34.0,0
2024-05-24,fredag,5,var,41.6,,,0.0,67.1,38.1,0
2024-05-25,lørdag,5,var,27.0,17.7,1.6,0.0,67.1,41.6,0
2024-05-26,søndag,5,var,18.1,21.2,3.4,0.9,67.1,27.0,0
2024-05-27,mandag,5,var,36.3,20.5,2.4,4.3,78.4,18.1,0
2024-05-28,tirsdag,5,var,37.0,,2.2,42.7,78.4,36.3,0
2024-05-29,onsdag,5,var,50.5,16.8,3.1,14.2,78.4,37.0,0
2024-05-30,torsdag,5,var,56.0,16.4,2.7,0.0,78.4,50.5,0
2024-05-31,fredag,5,var,50.9,15.7,1.9,3.4,78.4,56.0,0
2024-06-01,lørdag,6,sommer,33.8,,2.0,4.9,78.4,50.9,0
2024-06-02,søndag,6,sommer,15.5,,2.7,0.3,78.4,33.8,0
2024-06-03,mandag,6,sommer,52.6,20.6,3.3,0.0,80.8,15.5,0
2024-06-04,tirsdag,6,sommer,49.8,16.3,4.4,0.0,80.8,52.6,0
2024-06-05,onsdag,6,sommer,41.6,15.0,4.1,10.7,80.8,49.8,0
2024-06-06,torsdag,6,sommer,43.5,11.1,3.3,11.7,80.8,41.6,0
2024-06-07,fredag,6,sommer,45.2,,,0.8,80.8,43.5,0
2024-06-08,lørdag,6,sommer,23.2,11.2,,3.7,80.8,45.2,0
2024-06-09,søndag,6,sommer,8.7,9.0,2.7,8.2,80.8,23.2,0
2024-06-10,mandag,6,sommer,47.4,9.7,3.0,1.2,82.8,8.7,0
2024-06-11,tirsdag,6,sommer,50.9,13.4,2.0,0.0,82.8,47.4,0
2024-06-12,onsdag,6,sommer,57.0,14.9,3.0,0.4,82.8,50.9,0
2024-06-13,torsdag,6,sommer,55.7,12.1,1.9,17.7,82.8,57.0,0
2024-06-14,fredag,6,sommer,44.5,12.7,2.6,0.5,82.8,55.7,0
2024-06-15,lørdag,6,sommer,17.8,13.9,3.5,2.9,82.8,44.5,0
2024-06-16,søndag,6,sommer,14.4,14.7,,8.9,82.8,17.8,0
2024-06-17,mandag,6,sommer,62.7,,3.1,6.1,84.9,14.4,0
2024-06-18,tirsdag,6,sommer,49.5,,2.3,1.1,84.9,62.7,0
2024-06-19,onsdag,6,sommer,50.2,13.2,1.7,5.3,84.9,49.5,0
2024-06-20,torsdag,6,sommer,49.8,,,1.2,84.9,50.2,0
2024-06-21,fredag,6,sommer,43.9,16.1,,0.0,84.9,49.8,0
2024-06-22,lørdag,6,sommer,32.7,16.8,2.3,0.0,84.9,43.9,0
2024-06-23,søndag,6,sommer,30.2,13.7,2.1,8.1,84.9,32.7,0
2024-06-24,mandag,6,sommer,41.7,16.4,2.3,0.0,84.4,30.2,0
2024-06-25,tirsdag,6,sommer,35.9,19.1,3.0,0.0,84.4,41.7,0
2024-06-26,onsdag,6,sommer,37.4,18.3,2.1,0.0,84.4,35.9,0
2024-06-27,torsdag,6,sommer,37.3,19.2,2.3,0.0,84.4,37.4,0
2024-06-28,fredag,6,sommer,25.7,23.3,4.5,15.9,84.4,37.3,0
2024-06-29,lørdag,6,sommer,26.3,17.5,4.9,1.0,84.4,25.7,0
2024-06-30,søndag,6,sommer,24.6,15.6,2.1,0.0,84.4,26.3,0
2024-07-01,mandag,7,sommer,40.3,14.8,,1.9,84.3,24.6,0
2024-07-02,tirsdag,7,sommer,40.6,16.4,1.6,0.0,84.3,40.3,0
2024-07-03,onsdag,7,sommer,42.6,16.4,,0.0,84.3,40.6,0
2024-07-04,torsdag,7,sommer,18.9,16.2,,2.2,84.3,42.6,0
2024-07-05,fredag,7,sommer,22.2,11.3,3.2,18.3,84.3,18.9,0
2024-07-06,lørdag,7,sommer,12.5,13.2,,0.3,84.3,22.2,0
2024-07-07,søndag,7,sommer,8.9,14.1,3.8,17.3,84.3,12.5,0
2024-07-08,mandag,7,sommer,40.7,12.7,2.8,7.9,87.2,8.9,0
2024-07-09,tirsdag,7,sommer,40.8,14.8,2.6,0.1,87.2,40.7,0
2024-07-10,onsdag,7,sommer,41.4,16.2,3.5,0.7,87.2,40.8,0
2024-07-11,torsdag,7,sommer,42.2,14.6,,15.5,87.2,41.4,0
2024-07-12,fredag,7,sommer,41.1,17.3,2.3,0.0,87.2,42.2,0
2024-07-13,lørdag,7,sommer,24.9,18.1,2.9,0.0,87.2,41.1,0
2024-07-14,søndag,7,sommer,21.6,,3.1,2.1,87.2,24.9,0
2024-07-15,mandag,7,sommer,34.6,15.4,2.0,18.9,89.0,21.6,0
2024-07-16,tirsdag,7,sommer,32.0,15.7,,4.8,89.0,34.6,0
2024-07-17,onsdag,7,sommer,32.7,17.0,1.6,2.7,89.0,32.0,0
2024-07-18,torsdag,7,sommer,32.4,16.4,2.3,2.6,89.0,32.7,0
2024-07-19,fredag,7,sommer,29.9,19.3,2.0,0.0,89.0,32.4,0
2024-07-20,lørdag,7,sommer,23.1,19.5,1.7,0.0,89.0,29.9,0
2024-07-21,søndag,7,sommer,22.4,20.5,2.0,0.0,89.0,23.1,0
2024-07-22,mandag,7,sommer,27.2,22.4,1.5,2.9,91.2,22.4,0
2024-07-23,tirsdag,7,sommer,28.1,16.8,2.1,7.3,91.2,27.2,0
2024-07-24,onsdag,7,sommer,24.8,18.8,3.1,1.3,91.2,28.1,0
2024-07-25,torsdag,7,sommer,27.1,,2.8,5.4,91.2,24.8,0
2024-07-26,fredag,7,sommer,23.7,18.3,2.5,3.6,91.2,27.1,0
2024-07-27,lørdag,7,sommer,25.0,,2.1,23.3,91.2,23.7,0
2024-07-28,søndag,7,sommer,9.1,17.0,2.3,1.4,91.2,25.0,0
2024-07-29,mandag,7,sommer,24.7,18.1,,0.1,89.1,9.1,0
2024-07-30,tirsdag,7,sommer,24.0,17.3,2.1,0.0,89.1,24.7,0
2024-07-31,onsdag,7,sommer,26.9,18.3,2.9,0.0,89.1,24.0,0
2024-08-01,torsdag,8,sommer,28.8,18.3,2.4,0.0,89.1,26.9,0
2024-08-02,fredag,8,sommer,28.3,17.9,2.7,0.0,89.1,28.8,0
2024-08-03,lørdag,8,sommer,23.9,,2.3,0.0,89.1,28.3,0
2024-08-04,søndag,8,sommer,21.0,18.9,1.5,22.7,89.1,23.9,0
2024-08-05,mandag,8,sommer,30.2,17.0,,17.8,89.9,21.0,0
2024-08-06,tirsdag,8,sommer,28.2,20.1,2.6,0.0,89.9,30.2,0
2024-08-07,onsdag,8,sommer,27.8,19.2,2.4,0.0,89.9,28.2,0
2024-08-08,torsdag,8,sommer,27.0,19.1,,11.1,89.9,27.8,0
2024-08-09,fredag,8,sommer,14.7,16.8,2.7,3.4,89.9,27.0,0
2024-08-10,lørdag,8,sommer,-2.3,14.5,3.9,4.4,89.9,14.7,0
2024-08-11,søndag,8,sommer,-2.1,15.3,,0.0,89.9,-2.3,0
2024-08-12,mandag,8,sommer,14.5,16.4,1.7,0.0,90.3,-2.1,0
2024-08-13,tirsdag,8,sommer,23.8,16.5,1.7,0.0,90.3,14.5,0
2024-08-14,onsdag,8,sommer,20.7,16.6,1.5,0.3,90.3,23.8,0
2024-08-15,torsdag,8,sommer,20.4,,4.0,9.2,90.3,20.7,0
2024-08-16,fredag,8,sommer,19.5,16.8,3.0,3.3,90.3,20.4,0
2024-08-17,lørdag,8,sommer,13.1,15.8,2.7,0.1,90.3,19.5,0
2024-08-18,søndag,8,sommer,11.4,,3.0,0.0,90.3,13.1,0
2024-08-19,mandag,8,sommer,11.3,13.7,2.8,0.0,94.6,11.4,0
2024-08-20,tirsdag,8,sommer,6.6,16.4,3.6,0.1,94.6,11.3,0
2024-08-21,onsdag,8,sommer,3.8,16.2,2.4,19.6,94.6,6.6,0
2024-08-22,torsdag,8,sommer,5.6,14.5,,0.6,94.6,3.8,0
2024-08-23,fredag,8,sommer,2.9,14.7,3.4,15.1,94.6,5.6,0
2024-08-24,lørdag,8,sommer,1.0,12.8,2.5,15.9,94.6,2.9,0
2024-08-25,søndag,8,sommer,-3.9,13.8,3.6,4.5,94.6,1.0,0
2024-08-26,mandag,8,sommer,2.4,14.8,,1.0,95.2,-3.9,0
2024-08-27,tirsdag,8,sommer,3.0,14.5,2.9,0.0,95.2,2.4,0
2024-08-28,onsdag,8,sommer,4.1,15.8,2.7,0.3,95.2,3.0,0
2024-08-29,torsdag,8,sommer,4.9,17.5,2.4,0.0,95.2,4.1,0
2024-08-30,fredag,8,sommer,2.9,16.3,2.3,8.7,95.2,4.9,0
2024-08-31,lørdag,8,sommer,4.9,14.0,2.4,0.0,95.2,2.9,0
2024-09-01,søndag,9,host,23.3,,1.7,0.0,95.2,4.9,0
2024-09-02,mandag,9,host,45.3,16.0,1.7,0.0,95.6,23.3,0
2024-09-03,tirsdag,9,host,37.6,12.4,2.0,16.7,95.6,45.3,0
2024-09-04,onsdag,9,host,36.5,,2.8,13.1,95.6,37.6,0
2024-09-05,torsdag,9,host,26.2,17.4,2.9,5.4,95.6,36.5,0
2024-09-06,fredag,9,host,17.4,20.6,1.5,0.0,95.6,26.2,0
2024-09-07,lørdag,9,host,7.9,19.7,2.2,0.0,95.6,17.4,0
2024-09-08,søndag,9,host,4.4,20.0,2.8,0.4,95.6,7.9,0
2024-09-09,mandag,9,host,3.1,,2.1,0.1,99.0,4.4,0
2024-09-10,tirsdag,9,host,1.3,,3.9,10.7,99.0,3.1,0
2024-09-11,onsdag,9,host,14.5,12.8,,12.1,99.0,1.3,0
2024-09-12,torsdag,9,host,7.8,11.6,,0.1,99.0,14.5,0
2024-09-13,fredag,9,host,19.8,11.1,2.0,0.0,99.0,7.8,0
2024-09-14,lørdag,9,host,7.4,9.5,1.6,0.0,99.0,19.8,0
2024-09-15,søndag,9,host,10.0,10.2,2.6,0.0,99.0,7.4,0
2024-09-16,mandag,9,host,42.9,13.4,1.3,1.3,96.5,10.0,0
2024-09-17,tirsdag,9,host,35.0,12.6,,7.7,96.5,42.9,0
2024-09-18,onsdag,9,host,29.4,13.6,1.4,0.0,96.5,35.0,0
2024-09-19,torsdag,9,host,20.0,13.8,1.3,0.0,96.5,29.4,0
2024-09-20,fredag,9,host,18.6,14.1,1.1,0.0,96.5,20.0,0
2024-09-21,lørdag,9,host,12.7,12.2,1.7,0.0,96.5,18.6,0
2024-09-22,søndag,9,host,18.3,,1.2,1.0,96.5,12.7,0
2024-09-23,mandag,9,host,23.2,12.7,1.7,1.8,95.4,18.3,0
2024-09-24,tirsdag,9,host,22.9,13.8,1.5,1.8,95.4,23.2,0
2024-09-25,onsdag,9,host,21.8,13.7,2.8,27.2,95.4,22.9,0
2024-09-26,torsdag,9,host,23.8,10.1,3.2,6.4,95.4,21.8,0
2024-09-27,fredag,9,host,16.6,9.2,4.1,0.0,95.4,23.8,0
2024-09-28,lørdag,9,host,20.2,7.8,2.1,0.0,95.4,16.6,0
2024-09-29,søndag,9,host,35.4,6.5,2.0,0.0,95.4,20.2,0
2024-09-30,mandag,9,host,31.4,7.0,1.6,0.0,92.8,35.4,0
2024-10-01,tirsdag,10,host,38.4,9.0,2.1,0.0,92.8,31.4,0
2024-10-02,onsdag,10,host,63.7,8.3,1.2,0.0,92.8,38.4,0
2024-10-03,torsdag,10,host,59.2,8.6,1.2,0.0,92.8,63.7,0
2024-10-04,fredag,10,host,70.1,8.2,1.4,0.0,92.8,59.2,0
2024-10-05,lørdag,10,host,47.7,8.7,1.2,0.0,92.8,70.1,0
2024-10-06,søndag,10,host,43.8,8.9,2.1,0.0,92.8,47.7,0
2024-10-07,mandag,10,host,50.1,10.3,2.0,0.0,93.4,43.8,0
2024-10-08,tirsdag,10,host,53.1,9.5,2.2,10.4,93.4,50.1,0
2024-10-09,onsdag,10,host,48.3,11.1,2.1,2.6,93.4,53.1,0
2024-10-10,torsdag,10,host,43.4,,2.4,8.8,93.4,48.3,0
2024-10-11,fredag,10,host,48.7,6.5,,29.8,93.4,43.4,0
2024-10-12,lørdag,10,host,42.1,4.4,1.9,0.0,93.4,48.7,0
2024-10-13,søndag,10,host,17.7,6.0,2.7,6.6,93.4,42.1,0
2024-10-14,mandag,10,host,52.7,6.2,1.8,0.1,93.8,17.7,0
2024-10-15,tirsdag,10,host,68.5,3.8,1.5,0.0,93.8,52.7,0
2024-10-16,onsdag,10,host,29.2,,1.2,0.0,93.8,68.5,0
2024-10-17,torsdag,10,host,39.3,7.6,1.5,0.0,93.8,29.2,0
2024-10-18,fredag,10,host,48.7,8.8,1.0,7.0,93.8,39.3,0
2024-10-19,lørdag,10,host,48.3,10.3,,7.0,93.8,48.7,0
2024-10-20,søndag,10,host,27.9,11.4,3.3,8.1,93.8,48.3,0
2024-10-21,mandag,10,host,29.1,12.0,5.5,6.8,95.8,27.9,0
2024-10-22,tirsdag,10,host,39.2,10.3,3.5,0.0,95.8,29.1,0
2024-10-23,onsdag,10,host,35.8,8.9,3.0,0.0,95.8,39.2,0
2024-10-24,torsdag,10,host,31.9,8.8,2.9,0.0,95.8,35.8,0
2024-10-25,fredag,10,host,25.3,10.1,1.4,0.0,95.8,31.9,0
2024-10-26,lørdag,10,host,23.7,8.2,1.7,0.0,95.8,25.3,0
2024-10-27,søndag,10,host,6.3,,2.3,18.3,95.8,23.7,0
2024-10-28,mandag,10,host,21.6,7.3,2.0,0.0,95.5,6.3,0
2024-10-29,tirsdag,10,host,56.1,6.5,1.6,0.0,95.5,21.6,0
2024-10-30,onsdag,10,host,14.4,4.2,2.0,0.0,95.5,56.1,0
2024-10-31,torsdag,10,host,12.6,,2.8,0.0,95.5,14.4,0
2024-11-01,fredag,11,host,3.9,10.7,,0.1,95.5,12.6,0
2024-11-02,lørdag,11,host,18.6,4.7,1.9,0.0,95.5,3.9,0
2024-11-03,søndag,11,host,9.6,3.2,2.1,0.1,95.5,18.6,0
2024-11-04,mandag,11,host,52.0,,1.0,0.0,93.8,9.6,0
2024-11-05,tirsdag,11,host,39.6,6.4,0.9,0.0,93.8,52.0,0
2024-11-06,onsdag,11,host,37.6,3.4,,0.0,93.8,39.6,0
2024-11-07,torsdag,11,host,40.6,2.5,0.9,0.9,93.8,37.6,0
2024-11-08,fredag,11,host,40.5,2.7,1.2,0.0,93.8,40.6,0
2024-11-09,lørdag,11,host,42.1,5.9,1.7,0.3,93.8,40.5,0
2024-11-10,søndag,11,host,38.2,4.3,1.7,0.5,93.8,42.1,0
2024-11-11,mandag,11,host,47.8,2.8,1.1,1.7,92.1,38.2,0
2024-11-12,tirsdag,11,host,80.8,1.9,1.0,0.0,92.1,47.8,0
2024-11-13,onsdag,11,host,50.4,,1.2,0.0,92.1,80.8,0
2024-11-14,torsdag,11,host,49.7,1.8,1.1,0.0,92.1,50.4,0
2024-11-15,fredag,11,host,47.7,,1.7,0.0,92.1,49.7,0
2024-11-16,lørdag,11,host,44.3,7.0,5.6,0.0,92.1,47.7,0
2024-11-17,søndag,11,host,42.0,4.6,2.1,0.0,92.1,44.3,0
2024-11-18,mandag,11,host,87.1,2.4,1.4,0.0,88.6,42.0,1
2024-11-19,tirsdag,11,host,131.7,0.3,3.1,0.0,88.6,87.1,1
2024-11-20,onsdag,11,host,110.1,0.3,3.2,0.4,88.6,131.7,1
2024-11-21,torsdag,11,host,120.6,-2.2,2.5,0.0,88.6,110.1,1
2024-11-22,fredag,11,host,101.6,-4.7,1.4,0.0,88.6,120.6,1
2024-11-23,lørdag,11,host,63.4,-6.0,1.4,0.0,88.6,101.6,0
2024-11-24,søndag,11,host,26.1,-2.3,,0.0,88.6,63.4,0
2024-11-25,mandag,11,host,39.5,2.6,2.1,19.7,86.1,26.1,0
2024-11-26,tirsdag,11,host,48.7,7.3,,0.1,86.1,39.5,0
2024-11-27,onsdag,11,host,75.0,5.3,4.0,0.0,86.1,48.7,0
2024-11-28,torsdag,11,host,89.5,1.6,2.4,0.0,86.1,75.0,1
2024-11-29,fredag,11,host,57.2,-3.0,1.1,0.0,86.1,89.5,0
2024-11-30,lørdag,11,host,46.2,0.8,3.4,5.3,86.1,57.2,0
2024-12-01,søndag,12,vinter,44.0,7.2,3.8,1.4,86.1,46.2,0
2024-12-02,mandag,12,vinter,44.2,7.8,4.4,1.2,83.5,44.0,0
2024-12-03,tirsdag,12,vinter,81.8,,3.7,4.8,83.5,44.2,0
2024-12-04,onsdag,12,vinter,117.8,-3.5,2.2,0.3,83.5,81.8,1
2024-12-05,torsdag,12,vinter,66.2,-3.5,2.7,0.2,83.5,117.8,0
2024-12-06,fredag,12,vinter,77.7,0.5,2.0,6.1,83.5,66.2,0
2024-12-07,lørdag,12,vinter,53.8,1.5,,2.0,83.5,77.7,0
2024-12-08,søndag,12,vinter,58.9,,3.8,0.4,83.5,53.8,0
2024-12-09,mandag,12,vinter,76.6,,1.6,0.0,79.6,58.9,0
2024-12-10,tirsdag,12,vinter,134.6,-3.4,1.3,0.0,79.6,76.6,1
2024-12-11,onsdag,12,vinter,211.6,-5.6,,0.0,79.6,134.6,1
2024-12-12,torsdag,12,vinter,281.9,-3.4,0.7,0.0,79.6,211.6,1
2024-12-13,fredag,12,vinter,99.8,-3.2,0.6,0.0,79.6,281.9,1
2024-12-14,lørdag,12,vinter,40.8,0.4,3.0,0.3,79.6,99.8,0
2024-12-15,søndag,12,vinter,34.8,0.6,2.1,0.0,79.6,40.8,0
2024-12-16,mandag,12,vinter,24.8,2.4,2.9,1.6,77.2,34.8,0
2024-12-17,tirsdag,12,vinter,50.3,,1.6,0.1,77.2,24.8,0
2024-12-18,onsdag,12,vinter,33.0,0.8,3.6,7.7,77.2,50.3,0
2024-12-19,torsdag,12,vinter,28.8,6.1,2.4,8.0,77.2,33.0,0
2024-12-20,fredag,12,vinter,30.7,2.8,2.4,0.1,77.2,28.8,0
2024-12-21,lørdag,12,vinter,27.7,0.0,1.8,5.4,77.2,30.7,0
2024-12-22,søndag,12,vinter,26.0,1.5,,5.3,77.2,27.7,0
2024-12-23,mandag,12,vinter,53.2,2.0,3.4,1.3,75.2,26.0,0
2024-12-24,tirsdag,12,vinter,38.2,0.0,1.5,0.0,75.2,53.2,0
2024-12-25,onsdag,12,vinter,28.7,2.4,1.5,2.0,75.2,38.2,0
2024-12-26,torsdag,12,vinter,29.3,4.6,0.9,0.4,75.2,28.7,0
2024-12-27,fredag,12,vinter,38.4,4.2,0.9,0.0,75.2,29.3,0
2024-12-28,lørdag,12,vinter,33.2,2.3,1.1,4.1,75.2,38.4,0
2024-12-29,søndag,12,vinter,28.3,2.6,2.3,0.2,75.2,33.2,0
2024-12-30,mandag,12,vinter,37.2,3.3,2.2,0.0,75.2,28.3,0
2024-12-31,tirsdag,12,vinter,36.0,-1.1,2.5,0.0,75.2,37.2,0
